date,day_of_week,season_flag,is_weekend,month,quarter,year,paid_social_spend,paid_social_impressions,paid_social_clicks,paid_social_video_views,web_pageviews,web_sessions,web_users,ecomm_revenue,ecomm_orders,ecomm_units,ecomm_discount,followers_eod,organic_impressions,organic_likes,organic_shares,organic_comments,podcast_mentions,podcast_impressions,ooh_spend,ooh_impressions
2023-01-01,Sunday,regular,True,1,1,2023,10686.73,581875,14413,243276,96,96,96,759,24,35,270,4934.0,1631.0,183.0,8.0,19.0,0.0,0.0,0.0,0.0
2023-01-02,Monday,regular,False,1,1,2023,10037.53,570351,12614,265670,80,80,80,749,25,35,200,4995.0,2445.0,172.0,11.0,20.0,0.0,0.0,44768.560000000005,2289497.0
2023-01-03,Tuesday,regular,False,1,1,2023,9413.05,511248,12974,235984,80,80,80,662,26,38,345,5216.0,1367.0,116.0,10.0,16.0,0.0,0.0,44768.560000000005,2289497.0
2023-01-04,Wednesday,regular,False,1,1,2023,9111.14,485857,11964,220172,80,80,80,731,24,32,230,4933.0,1805.0,55.0,1.0,3.0,0.0,0.0,44768.560000000005,2289497.0
2023-01-05,Thursday,regular,False,1,1,2023,10090.03,519851,13655,233580,80,80,80,725,26,36,340,4882.0,1261.0,116.0,7.0,16.0,0.0,0.0,44768.560000000005,2289497.0
2023-01-06,Friday,regular,False,1,1,2023,10754.96,571277,15588,249235,80,80,80,802,28,41,330,0.0,0.0,0.0,0.0,0.0,0.0,0.0,44768.560000000005,2289497.0
2023-01-07,Saturday,regular,True,1,1,2023,10658.93,556826,14686,248415,96,96,96,949,30,46,385,4901.0,1606.0,84.0,7.0,5.0,0.0,0.0,44768.560000000005,2289497.0
2023-01-08,Sunday,regular,True,1,1,2023,11064.03,603282,15548,280919,96,96,96,773,25,34,190,5205.0,1514.0,89.0,6.0,4.0,0.0,0.0,44768.560000000005,2289497.0
2023-01-09,Monday,regular,False,1,1,2023,9664.86,542825,12872,242865,80,80,80,430,24,32,410,4774.0,1366.0,52.0,5.0,3.0,0.0,0.0,46100.59428571429,2337927.0
2023-01-10,Tuesday,regular,False,1,1,2023,9186.789999999999,500294,13829,243317,80,80,80,787,26,40,285,0.0,0.0,0.0,0.0,0.0,0.0,0.0,46100.59428571429,2337927.0
2023-01-11,Wednesday,regular,False,1,1,2023,7597.52,408543,10323,183974,80,80,80,749,22,37,275,0.0,0.0,0.0,0.0,0.0,0.0,0.0,46100.59428571429,2337927.0
2023-01-12,Thursday,regular,False,1,1,2023,8843.9,488140,12911,228428,80,80,80,646,26,38,400,5089.0,1269.0,64.0,1.0,3.0,1.0,8889.0,46100.59428571429,2337927.0
2023-01-13,Friday,regular,False,1,1,2023,10214.21,532442,13877,248070,80,80,80,768,24,39,365,5174.0,1126.0,110.0,9.0,6.0,0.0,0.0,46100.59428571429,2337927.0
2023-01-14,Saturday,regular,True,1,1,2023,12210.39,663420,14893,305140,96,96,96,950,27,41,250,5050.0,2267.0,105.0,3.0,7.0,0.0,0.0,46100.59428571429,2337927.0
2023-01-15,Sunday,regular,True,1,1,2023,11316.71,615257,13981,289775,96,96,96,585,30,35,360,4852.0,1665.0,167.0,14.0,16.0,0.0,0.0,46100.59428571429,2337927.0
2023-01-16,Monday,regular,False,1,1,2023,9036.81,506782,11027,231155,80,80,80,765,25,35,235,0.0,0.0,0.0,0.0,0.0,0.0,0.0,46867.88285714286,2468697.0
2023-01-17,Tuesday,regular,False,1,1,2023,9426.71,518733,12499,232741,80,80,80,681,24,38,320,5343.0,4614.0,334.0,24.0,31.0,0.0,0.0,46867.88285714286,2468697.0
2023-01-18,Wednesday,regular,False,1,1,2023,9589.26,536906,13909,238938,80,80,80,864,30,47,515,0.0,0.0,0.0,0.0,0.0,0.0,0.0,46867.88285714286,2468697.0
2023-01-19,Thursday,regular,False,1,1,2023,10111.19,543283,14191,230811,80,80,80,737,27,38,315,4865.0,3126.0,300.0,26.0,34.0,0.0,0.0,46867.88285714286,2468697.0
2023-01-20,Friday,regular,False,1,1,2023,8116.5,455980,11228,217790,80,80,80,771,25,38,345,5119.0,3101.0,179.0,11.0,21.0,0.0,0.0,46867.88285714286,2468697.0
2023-01-21,Saturday,regular,True,1,1,2023,11492.55,671906,18263,298100,96,96,96,879,28,42,265,5215.0,3126.0,202.0,11.0,20.0,0.0,0.0,46867.88285714286,2468697.0
2023-01-22,Sunday,regular,True,1,1,2023,13767.48,734709,19897,331466,96,96,96,730,32,38,305,0.0,0.0,0.0,0.0,0.0,1.0,13392.0,46867.88285714286,2468697.0
2023-01-23,Monday,regular,False,1,1,2023,7899.07,448255,11805,207770,80,80,80,655,29,34,285,5371.0,2980.0,180.0,5.0,12.0,0.0,0.0,46406.032857142854,2433373.1428571427
2023-01-24,Tuesday,regular,False,1,1,2023,9564.83,516567,12722,226227,80,80,80,731,28,38,315,4986.0,1657.0,50.0,3.0,6.0,0.0,0.0,46406.032857142854,2433373.1428571427
2023-01-25,Wednesday,regular,False,1,1,2023,10290.58,581277,14650,268747,80,80,80,868,29,39,220,5384.0,3037.0,140.0,8.0,9.0,0.0,0.0,46406.032857142854,2433373.1428571427
2023-01-26,Thursday,regular,False,1,1,2023,9751.35,537772,13440,249178,80,80,80,659,20,28,155,0.0,0.0,0.0,0.0,0.0,0.0,0.0,46406.032857142854,2433373.1428571427
2023-01-27,Friday,regular,False,1,1,2023,9172.23,487804,10676,213384,80,80,80,859,29,41,310,5320.0,2798.0,242.0,16.0,23.0,1.0,7079.0,46406.032857142854,2433373.1428571427
2023-01-28,Saturday,regular,True,1,1,2023,12471.11,659812,17754,291855,96,96,96,955,28,40,255,0.0,0.0,0.0,0.0,0.0,0.0,0.0,46406.032857142854,2433373.1428571427
2023-01-29,Sunday,regular,True,1,1,2023,10772.91,590578,14213,270158,96,96,96,750,32,45,425,5411.0,2310.0,193.0,12.0,21.0,0.0,0.0,46406.032857142854,2433373.1428571427
2023-01-30,Monday,regular,False,1,1,2023,10192.7,545855,12961,233924,80,80,80,943,30,41,240,0.0,0.0,0.0,0.0,0.0,1.0,11582.0,46819.485714285714,2338642.285714286
2023-01-31,Tuesday,regular,False,1,1,2023,9537.19,515246,11184,248457,80,80,80,573,24,32,315,4893.0,1639.0,46.0,2.0,4.0,0.0,0.0,46819.485714285714,2338642.285714286
2023-02-01,Wednesday,regular,False,2,1,2023,8853.27,488072,12067,210615,80,80,80,686,27,36,275,0.0,0.0,0.0,0.0,0.0,0.0,0.0,46819.485714285714,2338642.285714286
2023-02-02,Thursday,regular,False,2,1,2023,9429.65,530593,11756,242393,80,80,80,797,25,38,285,0.0,0.0,0.0,0.0,0.0,0.0,0.0,46819.485714285714,2338642.285714286
2023-02-03,Friday,regular,False,2,1,2023,11204.84,606957,15055,282962,80,80,80,1057,27,46,245,0.0,0.0,0.0,0.0,0.0,0.0,0.0,46819.485714285714,2338642.285714286
2023-02-04,Saturday,regular,True,2,1,2023,11631.73,647364,16753,275151,96,96,96,975,36,57,615,5222.0,1524.0,162.0,15.0,13.0,0.0,0.0,46819.485714285714,2338642.285714286
2023-02-05,Sunday,regular,True,2,1,2023,9213.33,518579,13437,231830,96,96,96,1054,35,56,460,4933.0,2019.0,222.0,8.0,19.0,0.0,0.0,46819.485714285714,2338642.285714286
2023-02-06,Monday,regular,False,2,1,2023,8801.12,493064,11374,233605,80,80,80,847,28,37,185,5362.0,1159.0,108.0,6.0,9.0,0.0,0.0,44108.64142857143,2244070.7142857146
2023-02-07,Tuesday,regular,False,2,1,2023,8019.46,461968,11306,206469,80,80,80,769,26,40,300,5319.0,1595.0,147.0,5.0,13.0,0.0,0.0,44108.64142857143,2244070.7142857146
2023-02-08,Wednesday,regular,False,2,1,2023,9337.73,532760,12192,229006,80,80,80,721,26,33,235,5383.0,2870.0,249.0,10.0,29.0,1.0,6506.0,44108.64142857143,2244070.7142857146
2023-02-09,Thursday,regular,False,2,1,2023,8741.2,463925,12449,221178,80,80,80,567,23,29,250,4989.0,1908.0,186.0,14.0,18.0,1.0,7489.0,44108.64142857143,2244070.7142857146
2023-02-10,Friday,regular,False,2,1,2023,8985.47,497848,12562,216674,80,80,80,773,28,35,255,0.0,0.0,0.0,0.0,0.0,1.0,6479.0,44108.64142857143,2244070.7142857146
2023-02-11,Saturday,regular,True,2,1,2023,10759.45,600406,15870,272645,96,96,96,679,28,36,365,0.0,0.0,0.0,0.0,0.0,0.0,0.0,44108.64142857143,2244070.7142857146
2023-02-12,Sunday,regular,True,2,1,2023,12124.04,640144,16469,278175,96,96,96,1009,31,45,265,5477.0,4107.0,319.0,17.0,19.0,0.0,0.0,44108.64142857143,2244070.7142857146
2023-02-13,Monday,regular,False,2,1,2023,9986.34,546993,11997,254830,80,80,80,743,25,37,260,5404.0,1706.0,151.0,10.0,21.0,0.0,0.0,43227.77,2204988.8571428573
2023-02-14,Tuesday,regular,False,2,1,2023,9834.87,525297,11742,225836,80,80,80,947,28,45,305,5357.0,4794.0,329.0,21.0,32.0,0.0,0.0,43227.77,2204988.8571428573
2023-02-15,Wednesday,regular,False,2,1,2023,8916.18,468133,11676,215689,80,80,80,789,27,38,305,5331.0,1744.0,119.0,8.0,6.0,0.0,0.0,43227.77,2204988.8571428573
2023-02-16,Thursday,regular,False,2,1,2023,9735.93,543237,12692,239017,80,80,80,704,26,42,410,5366.0,2998.0,272.0,21.0,18.0,0.0,0.0,43227.77,2204988.8571428573
2023-02-17,Friday,regular,False,2,1,2023,8070.33,424116,11065,187987,80,80,80,969,33,52,505,5424.0,3171.0,162.0,9.0,17.0,0.0,0.0,43227.77,2204988.8571428573
2023-02-18,Saturday,regular,True,2,1,2023,9886.7,561595,14505,240713,96,96,96,1267,36,49,175,5481.0,2144.0,184.0,13.0,25.0,0.0,0.0,43227.77,2204988.8571428573
2023-02-19,Sunday,regular,True,2,1,2023,9687.63,569802,14381,258960,96,96,96,867,28,37,160,5477.0,3621.0,241.0,19.0,20.0,0.0,0.0,43227.77,2204988.8571428573
2023-02-20,Monday,regular,False,2,1,2023,9071.61,511451,12424,240523,80,80,80,844,28,45,360,0.0,0.0,0.0,0.0,0.0,0.0,0.0,42151.47571428571,2101494.1428571427
2023-02-21,Tuesday,regular,False,2,1,2023,9098.18,496681,12821,232001,80,80,80,723,28,38,330,5439.0,1584.0,70.0,5.0,8.0,0.0,0.0,42151.47571428571,2101494.1428571427
2023-02-22,Wednesday,regular,False,2,1,2023,10915.539999999999,619394,16962,278106,80,80,80,624,24,32,300,5487.0,3212.0,255.0,14.0,27.0,0.0,0.0,42151.47571428571,2101494.1428571427
2023-02-23,Thursday,regular,False,2,1,2023,7876.61,419989,11229,192941,80,80,80,831,30,41,370,5084.0,1677.0,157.0,13.0,23.0,0.0,0.0,42151.47571428571,2101494.1428571427
2023-02-24,Friday,regular,False,2,1,2023,9561.880000000001,536218,14549,245084,80,80,80,749,24,34,195,5265.0,1274.0,120.0,8.0,15.0,0.0,0.0,42151.47571428571,2101494.1428571427
2023-02-25,Saturday,regular,True,2,1,2023,10575.93,550385,13047,250402,96,96,96,1000,35,51,435,5374.0,1966.0,205.0,19.0,24.0,1.0,11754.0,42151.47571428571,2101494.1428571427
2023-02-26,Sunday,regular,True,2,1,2023,10423.98,548807,14667,233348,96,96,96,833,32,40,375,5159.0,2303.0,223.0,14.0,15.0,0.0,0.0,42151.47571428571,2101494.1428571427
2023-02-27,Monday,regular,False,2,1,2023,10792.12,588650,15128,256539,80,80,80,632,22,28,165,5163.0,1693.0,117.0,8.0,13.0,0.0,0.0,47322.13857142857,2423990.285714286
2023-02-28,Tuesday,regular,False,2,1,2023,9561.03,521876,12741,240203,80,80,80,743,25,36,175,5434.0,1360.0,63.0,4.0,8.0,0.0,0.0,47322.13857142857,2423990.285714286
2023-03-01,Wednesday,regular,False,3,1,2023,10524.14,567630,13154,259879,80,80,80,749,30,39,250,5520.0,1135.0,146.0,4.0,12.0,0.0,0.0,47322.13857142857,2423990.285714286
2023-03-02,Thursday,regular,False,3,1,2023,9540.24,538894,12678,232693,80,80,80,958,31,42,330,5200.0,1311.0,98.0,7.0,12.0,0.0,0.0,47322.13857142857,2423990.285714286
2023-03-03,Friday,regular,False,3,1,2023,9872.99,524904,14199,250783,80,80,80,835,28,43,375,5476.0,1901.0,95.0,7.0,4.0,0.0,0.0,47322.13857142857,2423990.285714286
2023-03-04,Saturday,regular,True,3,1,2023,10610.58,563958,13249,250758,96,96,96,958,30,47,355,5487.0,4912.0,296.0,17.0,32.0,0.0,0.0,47322.13857142857,2423990.285714286
2023-03-05,Sunday,regular,True,3,1,2023,11338.9,624642,16010,276843,96,96,96,967,31,41,210,0.0,0.0,0.0,0.0,0.0,0.0,0.0,47322.13857142857,2423990.285714286
2023-03-06,Monday,regular,False,3,1,2023,8223.41,440519,10822,203303,80,80,80,733,27,36,245,5572.0,1530.0,49.0,4.0,6.0,0.0,0.0,56209.54571428572,2987937.4285714286
2023-03-07,Tuesday,regular,False,3,1,2023,10479.89,573659,15900,251167,80,80,80,843,26,37,250,5237.0,1345.0,54.0,1.0,5.0,0.0,0.0,56209.54571428572,2987937.4285714286
2023-03-08,Wednesday,regular,False,3,1,2023,9601.35,543884,13342,254429,80,80,80,542,23,30,300,5519.0,3430.0,163.0,7.0,11.0,0.0,0.0,56209.54571428572,2987937.4285714286
2023-03-09,Thursday,regular,False,3,1,2023,8674.76,461445,11455,195881,80,80,80,1011,28,41,235,5338.0,3222.0,199.0,10.0,19.0,0.0,0.0,56209.54571428572,2987937.4285714286
2023-03-10,Friday,regular,False,3,1,2023,7832.32,393887,10951,174756,80,80,80,752,27,36,300,5403.0,1333.0,79.0,2.0,11.0,1.0,9002.0,56209.54571428572,2987937.4285714286
2023-03-11,Saturday,regular,True,3,1,2023,11845.04,656907,16492,293480,96,96,96,1069,34,56,505,5385.0,5876.0,466.0,30.0,47.0,0.0,0.0,56209.54571428572,2987937.4285714286
2023-03-12,Sunday,regular,True,3,1,2023,10357.71,552670,12491,252820,96,96,96,1201,29,50,255,0.0,0.0,0.0,0.0,0.0,0.0,0.0,56209.54571428572,2987937.4285714286
2023-03-13,Monday,regular,False,3,1,2023,9833.74,535341,14518,242993,80,80,80,898,26,38,205,0.0,0.0,0.0,0.0,0.0,0.0,0.0,58185.974285714285,3046066.5714285714
2023-03-14,Tuesday,regular,False,3,1,2023,9648.58,527855,12945,224043,80,80,80,712,27,38,375,5500.0,1261.0,60.0,2.0,6.0,0.0,0.0,58185.974285714285,3046066.5714285714
2023-03-15,Wednesday,regular,False,3,1,2023,9753.37,524138,14071,238506,80,80,80,868,28,45,420,5531.0,1855.0,121.0,9.0,15.0,0.0,0.0,58185.974285714285,3046066.5714285714
2023-03-16,Thursday,regular,False,3,1,2023,8895.41,497618,13266,233959,80,80,80,728,24,33,255,0.0,0.0,0.0,0.0,0.0,0.0,0.0,58185.974285714285,3046066.5714285714
2023-03-17,Friday,regular,False,3,1,2023,8301.15,461165,10500,223606,80,80,80,938,28,37,230,5627.0,2768.0,251.0,16.0,27.0,0.0,0.0,58185.974285714285,3046066.5714285714
2023-03-18,Saturday,regular,True,3,1,2023,9210.79,500461,13231,221979,96,96,96,1041,32,53,440,5579.0,3292.0,193.0,12.0,14.0,0.0,0.0,58185.974285714285,3046066.5714285714
2023-03-19,Sunday,regular,True,3,1,2023,9737.84,554412,13946,267289,96,96,96,941,30,46,360,0.0,0.0,0.0,0.0,0.0,0.0,0.0,58185.974285714285,3046066.5714285714
2023-03-20,Monday,regular,False,3,1,2023,8630.51,488820,12154,218911,80,80,80,737,30,34,280,5632.0,4588.0,369.0,23.0,40.0,0.0,0.0,54721.56428571429,2628636.4285714286
2023-03-21,Tuesday,regular,False,3,1,2023,8646.36,472472,13637,218801,80,80,80,557,23,25,200,5308.0,1930.0,146.0,8.0,8.0,0.0,0.0,54721.56428571429,2628636.4285714286
2023-03-22,Wednesday,regular,False,3,1,2023,9568.37,509432,12343,217257,80,80,80,820,30,41,280,5316.0,1109.0,86.0,3.0,11.0,0.0,0.0,54721.56428571429,2628636.4285714286
2023-03-23,Thursday,regular,False,3,1,2023,9249.07,516981,12932,220170,80,80,80,782,29,36,250,5692.0,2736.0,184.0,13.0,14.0,0.0,0.0,54721.56428571429,2628636.4285714286
2023-03-24,Friday,regular,False,3,1,2023,8761.58,488873,11675,215861,80,80,80,659,24,35,305,5286.0,1527.0,125.0,11.0,12.0,0.0,0.0,54721.56428571429,2628636.4285714286
2023-03-25,Saturday,regular,True,3,1,2023,12301.52,670964,18241,299854,96,96,96,832,31,45,380,5647.0,3925.0,181.0,14.0,14.0,0.0,0.0,54721.56428571429,2628636.4285714286
2023-03-26,Sunday,regular,True,3,1,2023,10398.32,576105,12006,256416,96,96,96,821,27,44,385,5580.0,1278.0,96.0,5.0,14.0,0.0,0.0,54721.56428571429,2628636.4285714286
2023-03-27,Monday,regular,False,3,1,2023,10325.03,574881,13401,269221,80,80,80,536,22,30,265,0.0,0.0,0.0,0.0,0.0,0.0,0.0,56427.095714285715,2915658.0
2023-03-28,Tuesday,regular,False,3,1,2023,8318.11,456869,11256,191683,80,80,80,758,23,38,320,5212.0,1574.0,169.0,6.0,11.0,0.0,0.0,56427.095714285715,2915658.0
2023-03-29,Wednesday,regular,False,3,1,2023,8411.4,468761,12442,210626,80,80,80,980,30,41,280,5280.0,1797.0,165.0,5.0,14.0,0.0,0.0,56427.095714285715,2915658.0
2023-03-30,Thursday,regular,False,3,1,2023,8574.19,462757,11832,208088,80,80,80,657,23,33,280,5461.0,2815.0,221.0,9.0,26.0,0.0,0.0,56427.095714285715,2915658.0
2023-03-31,Friday,regular,False,3,1,2023,10008.01,524800,12663,240196,80,80,80,1104,27,45,250,5606.0,1202.0,59.0,2.0,4.0,0.0,0.0,56427.095714285715,2915658.0
2023-04-01,Saturday,regular,True,4,2,2023,11295.28,619953,15679,267913,96,96,96,865,31,44,405,5169.0,1658.0,104.0,3.0,5.0,0.0,0.0,56427.095714285715,2915658.0
2023-04-02,Sunday,regular,True,4,2,2023,10383.57,581593,15689,246735,96,96,96,959,37,52,490,5576.0,1932.0,215.0,15.0,18.0,0.0,0.0,56427.095714285715,2915658.0
2023-04-03,Monday,regular,False,4,2,2023,8864.4,489474,12319,230626,80,80,80,977,26,42,260,5229.0,1257.0,71.0,5.0,10.0,2.0,14389.0,56553.98428571429,2961476.714285714
2023-04-04,Tuesday,regular,False,4,2,2023,8647.96,472516,10523,219276,80,80,80,712,26,35,250,5677.0,3340.0,191.0,7.0,16.0,0.0,0.0,56553.98428571429,2961476.714285714
2023-04-05,Wednesday,regular,False,4,2,2023,8239.72,453904,11060,187051,80,80,80,932,27,40,270,5758.0,1511.0,170.0,10.0,12.0,0.0,0.0,56553.98428571429,2961476.714285714
2023-04-06,Thursday,regular,False,4,2,2023,9889.53,532518,14031,242672,80,80,80,945,28,38,180,5253.0,1178.0,56.0,4.0,5.0,0.0,0.0,56553.98428571429,2961476.714285714
2023-04-07,Friday,regular,False,4,2,2023,8106.0,441119,10850,195572,80,80,80,700,25,37,355,5690.0,4799.0,263.0,15.0,19.0,0.0,0.0,56553.98428571429,2961476.714285714
2023-04-08,Saturday,regular,True,4,2,2023,10397.11,563066,13916,249425,96,96,96,1168,33,49,275,5467.0,3634.0,252.0,19.0,13.0,0.0,0.0,56553.98428571429,2961476.714285714
2023-04-09,Sunday,regular,True,4,2,2023,10475.56,540129,13201,227664,96,96,96,1019,32,43,260,5491.0,4136.0,316.0,22.0,35.0,0.0,0.0,56553.98428571429,2961476.714285714
2023-04-10,Monday,regular,False,4,2,2023,8947.4,475907,12019,207162,80,80,80,683,25,33,245,5720.0,2638.0,195.0,7.0,14.0,0.0,0.0,55772.26714285714,2935456.0
2023-04-11,Tuesday,regular,False,4,2,2023,9781.48,538616,13438,258523,80,80,80,509,23,31,335,5391.0,1256.0,123.0,10.0,6.0,0.0,0.0,55772.26714285714,2935456.0
2023-04-12,Wednesday,regular,False,4,2,2023,8119.5,439466,11008,207124,80,80,80,833,29,36,275,5297.0,1932.0,194.0,17.0,17.0,0.0,0.0,55772.26714285714,2935456.0
2023-04-13,Thursday,regular,False,4,2,2023,9808.75,537492,14344,241551,80,80,80,569,24,27,220,5426.0,2548.0,144.0,8.0,10.0,0.0,0.0,55772.26714285714,2935456.0
2023-04-14,Friday,regular,False,4,2,2023,9794.61,536309,12949,237908,80,80,80,784,25,35,220,5608.0,4648.0,436.0,29.0,36.0,1.0,6453.0,55772.26714285714,2935456.0
2023-04-15,Saturday,regular,True,4,2,2023,10803.94,619444,14812,292765,96,96,96,875,26,37,195,5700.0,1310.0,119.0,5.0,9.0,0.0,0.0,55772.26714285714,2935456.0
2023-04-16,Sunday,regular,True,4,2,2023,11220.64,611995,13719,263375,96,96,96,959,34,47,345,5564.0,1372.0,108.0,5.0,10.0,0.0,0.0,55772.26714285714,2935456.0
2023-04-17,Monday,regular,False,4,2,2023,7191.02,381872,9915,166007,80,80,80,496,23,27,285,0.0,0.0,0.0,0.0,0.0,0.0,0.0,58521.40857142857,3162665.0
2023-04-18,Tuesday,regular,False,4,2,2023,9223.69,506359,12984,218361,80,80,80,537,23,28,260,5711.0,1396.0,54.0,3.0,3.0,0.0,0.0,58521.40857142857,3162665.0
2023-04-19,Wednesday,regular,False,4,2,2023,9365.15,511314,12359,226191,80,80,80,945,25,37,120,5764.0,1407.0,77.0,4.0,7.0,0.0,0.0,58521.40857142857,3162665.0
2023-04-20,Thursday,regular,False,4,2,2023,11120.7,607923,16750,287831,80,80,80,701,24,32,205,5701.0,3126.0,291.0,18.0,27.0,0.0,0.0,58521.40857142857,3162665.0
2023-04-21,Friday,regular,False,4,2,2023,10291.460000000001,605182,15547,264757,80,80,80,752,24,36,275,5800.0,4229.0,299.0,17.0,28.0,0.0,0.0,58521.40857142857,3162665.0
2023-04-22,Saturday,regular,True,4,2,2023,13044.949999999999,726214,18170,325040,96,96,96,1021,37,49,340,5263.0,2165.0,204.0,20.0,25.0,0.0,0.0,58521.40857142857,3162665.0
2023-04-23,Sunday,regular,True,4,2,2023,10983.26,613752,15619,280958,96,96,96,625,24,30,230,5306.0,4456.0,282.0,16.0,17.0,2.0,23859.0,58521.40857142857,3162665.0
2023-04-24,Monday,regular,False,4,2,2023,9040.45,465488,12735,197820,80,80,80,981,31,49,395,5380.0,1891.0,149.0,11.0,18.0,1.0,10794.0,60765.805714285714,3105762.714285714
2023-04-25,Tuesday,regular,False,4,2,2023,9772.69,545731,14284,237424,80,80,80,789,29,46,495,0.0,0.0,0.0,0.0,0.0,0.0,0.0,60765.805714285714,3105762.714285714
2023-04-26,Wednesday,regular,False,4,2,2023,8233.71,468217,11337,206406,80,80,80,804,24,35,190,5630.0,4443.0,206.0,12.0,20.0,0.0,0.0,60765.805714285714,3105762.714285714
2023-04-27,Thursday,regular,False,4,2,2023,10550.0,587848,16728,263989,80,80,80,932,32,49,450,5558.0,2943.0,217.0,16.0,23.0,0.0,0.0,60765.805714285714,3105762.714285714
2023-04-28,Friday,regular,False,4,2,2023,10257.41,555684,14031,251142,80,80,80,745,27,39,350,0.0,0.0,0.0,0.0,0.0,0.0,0.0,60765.805714285714,3105762.714285714
2023-04-29,Saturday,regular,True,4,2,2023,11174.7,627488,16329,276862,96,96,96,839,30,41,345,0.0,0.0,0.0,0.0,0.0,0.0,0.0,60765.805714285714,3105762.714285714
2023-04-30,Sunday,regular,True,4,2,2023,12801.96,723146,19690,305802,96,96,96,951,31,45,365,5476.0,3990.0,257.0,13.0,20.0,0.0,0.0,60765.805714285714,3105762.714285714
2023-05-01,Monday,regular,False,5,2,2023,11481.28,644746,17300,292854,80,80,80,893,29,39,275,5735.0,2857.0,275.0,23.0,25.0,0.0,0.0,44870.66428571429,2348842.0
2023-05-02,Tuesday,regular,False,5,2,2023,9593.74,538809,13518,245663,80,80,80,848,24,35,200,5778.0,2880.0,174.0,7.0,24.0,0.0,0.0,44870.66428571429,2348842.0
2023-05-03,Wednesday,regular,False,5,2,2023,9795.48,513466,12327,247439,80,80,80,851,25,37,235,5868.0,1671.0,116.0,3.0,9.0,1.0,9551.0,44870.66428571429,2348842.0
2023-05-04,Thursday,regular,False,5,2,2023,8801.21,487806,12001,218397,80,80,80,818,27,37,240,5779.0,1464.0,99.0,3.0,14.0,0.0,0.0,44870.66428571429,2348842.0
2023-05-05,Friday,regular,False,5,2,2023,7758.49,429395,11321,196976,80,80,80,942,27,44,290,5782.0,3406.0,217.0,13.0,18.0,0.0,0.0,44870.66428571429,2348842.0
2023-05-06,Saturday,regular,True,5,2,2023,10934.8,591496,15837,263120,96,96,96,1007,32,49,425,0.0,0.0,0.0,0.0,0.0,0.0,0.0,44870.66428571429,2348842.0
2023-05-07,Sunday,regular,True,5,2,2023,11737.66,637139,15668,294979,96,96,96,1326,37,56,325,0.0,0.0,0.0,0.0,0.0,0.0,0.0,44870.66428571429,2348842.0
2023-05-08,Monday,regular,False,5,2,2023,9154.81,508910,12778,232638,80,80,80,632,26,37,375,0.0,0.0,0.0,0.0,0.0,0.0,0.0,46464.23428571429,2421400.4285714286
2023-05-09,Tuesday,regular,False,5,2,2023,10460.69,549093,13207,257345,80,80,80,625,24,28,205,5717.0,1201.0,40.0,3.0,5.0,0.0,0.0,46464.23428571429,2421400.4285714286
2023-05-10,Wednesday,regular,False,5,2,2023,7988.03,459887,10987,203507,80,80,80,642,26,39,400,5365.0,1881.0,224.0,16.0,16.0,0.0,0.0,46464.23428571429,2421400.4285714286
2023-05-11,Thursday,regular,False,5,2,2023,10202.33,531787,14319,230861,80,80,80,805,29,39,300,5942.0,1865.0,139.0,6.0,7.0,0.0,0.0,46464.23428571429,2421400.4285714286
2023-05-12,Friday,regular,False,5,2,2023,8061.0,464397,12213,216857,80,80,80,724,27,37,255,5877.0,1758.0,127.0,4.0,12.0,0.0,0.0,46464.23428571429,2421400.4285714286
2023-05-13,Saturday,regular,True,5,2,2023,10660.88,602597,14649,298288,96,96,96,699,28,37,310,5417.0,2144.0,68.0,6.0,3.0,0.0,0.0,46464.23428571429,2421400.4285714286
2023-05-14,Sunday,regular,True,5,2,2023,11632.87,638871,15845,284451,96,96,96,772,31,37,270,5756.0,2073.0,204.0,14.0,26.0,1.0,12185.0,46464.23428571429,2421400.4285714286
2023-05-15,Monday,regular,False,5,2,2023,9974.36,562659,15379,244918,80,80,80,886,30,42,320,5942.0,1226.0,84.0,4.0,9.0,0.0,0.0,48104.96142857143,2493641.7142857146
2023-05-16,Tuesday,regular,False,5,2,2023,9926.24,551820,14786,255083,80,80,80,764,29,39,330,5487.0,1114.0,46.0,4.0,6.0,0.0,0.0,48104.96142857143,2493641.7142857146
2023-05-17,Wednesday,regular,False,5,2,2023,8830.82,483231,11921,214247,80,80,80,882,25,42,305,5790.0,1058.0,68.0,6.0,7.0,0.0,0.0,48104.96142857143,2493641.7142857146
2023-05-18,Thursday,regular,False,5,2,2023,8748.08,446333,11277,208748,80,80,80,582,21,34,335,0.0,0.0,0.0,0.0,0.0,1.0,7569.0,48104.96142857143,2493641.7142857146
2023-05-19,Friday,regular,False,5,2,2023,10110.02,578383,12931,271341,80,80,80,840,25,38,245,5828.0,1381.0,120.0,4.0,13.0,0.0,0.0,48104.96142857143,2493641.7142857146
2023-05-20,Saturday,regular,True,5,2,2023,10330.24,543377,13068,236226,96,96,96,989,34,42,240,5733.0,1688.0,103.0,5.0,10.0,0.0,0.0,48104.96142857143,2493641.7142857146
2023-05-21,Sunday,regular,True,5,2,2023,12327.03,656827,16374,294557,96,96,96,1036,32,51,370,5677.0,2081.0,222.0,15.0,27.0,0.0,0.0,48104.96142857143,2493641.7142857146
2023-05-22,Monday,regular,False,5,2,2023,7780.87,437856,10426,193522,80,80,80,828,29,41,315,5604.0,1806.0,108.0,6.0,12.0,0.0,0.0,45409.392857142855,2405956.4285714286
2023-05-23,Tuesday,regular,False,5,2,2023,8847.76,494203,13799,214155,80,80,80,775,28,40,375,5954.0,4187.0,430.0,35.0,54.0,0.0,0.0,45409.392857142855,2405956.4285714286
2023-05-24,Wednesday,regular,False,5,2,2023,9787.06,528609,13272,238444,80,80,80,893,32,42,225,5625.0,1582.0,101.0,9.0,6.0,0.0,0.0,45409.392857142855,2405956.4285714286
2023-05-25,Thursday,regular,False,5,2,2023,9984.84,579571,12273,261338,80,80,80,718,24,33,225,6003.0,4122.0,210.0,8.0,19.0,0.0,0.0,45409.392857142855,2405956.4285714286
2023-05-26,Friday,regular,False,5,2,2023,8035.9800000000005,455198,12237,207314,80,80,80,794,25,34,140,5996.0,3454.0,212.0,12.0,26.0,0.0,0.0,45409.392857142855,2405956.4285714286
2023-05-27,Saturday,regular,True,5,2,2023,10272.44,580736,15293,272127,96,96,96,1126,37,53,420,5889.0,3784.0,219.0,12.0,23.0,1.0,12399.0,45409.392857142855,2405956.4285714286
2023-05-28,Sunday,regular,True,5,2,2023,10826.17,611182,14722,273166,96,96,96,839,30,39,270,5541.0,1502.0,159.0,13.0,10.0,0.0,0.0,45409.392857142855,2405956.4285714286
2023-05-29,Monday,regular,False,5,2,2023,9012.1,511086,11373,229633,80,80,80,703,28,40,415,5851.0,2710.0,211.0,15.0,14.0,0.0,0.0,45469.82571428572,2459580.8571428573
2023-05-30,Tuesday,regular,False,5,2,2023,9783.4,517901,13295,227612,80,80,80,792,25,42,445,5801.0,1771.0,109.0,8.0,13.0,1.0,5629.0,45469.82571428572,2459580.8571428573
2023-05-31,Wednesday,regular,False,5,2,2023,9727.56,519577,14151,223915,80,80,80,520,21,27,235,5808.0,3035.0,302.0,18.0,37.0,0.0,0.0,45469.82571428572,2459580.8571428573
2023-06-01,Thursday,regular,False,6,2,2023,9914.22,516634,14048,247737,80,80,80,853,33,45,340,0.0,0.0,0.0,0.0,0.0,0.0,0.0,45469.82571428572,2459580.8571428573
2023-06-02,Friday,regular,False,6,2,2023,8203.18,437954,10698,194707,80,80,80,932,29,40,215,5937.0,1133.0,114.0,8.0,8.0,0.0,0.0,45469.82571428572,2459580.8571428573
2023-06-03,Saturday,regular,True,6,2,2023,10968.61,616322,14587,280052,96,96,96,891,28,43,290,5779.0,1376.0,84.0,6.0,7.0,0.0,0.0,45469.82571428572,2459580.8571428573
2023-06-04,Sunday,regular,True,6,2,2023,10941.54,606545,13050,275656,96,96,96,801,25,44,380,5813.0,1340.0,147.0,4.0,18.0,0.0,0.0,45469.82571428572,2459580.8571428573
2023-06-05,Monday,regular,False,6,2,2023,10675.23,589216,15677,269805,80,80,80,975,31,43,245,5968.0,3346.0,279.0,10.0,34.0,0.0,0.0,62881.76571428571,3351601.5714285714
2023-06-06,Tuesday,regular,False,6,2,2023,8665.65,473897,10417,212088,80,80,80,987,29,44,280,5736.0,1122.0,70.0,5.0,3.0,0.0,0.0,62881.76571428571,3351601.5714285714
2023-06-07,Wednesday,regular,False,6,2,2023,9074.93,469518,13069,204344,80,80,80,832,33,46,480,6058.0,1872.0,141.0,5.0,20.0,0.0,0.0,62881.76571428571,3351601.5714285714
2023-06-08,Thursday,regular,False,6,2,2023,10342.18,567681,14119,246339,80,80,80,762,26,37,255,0.0,0.0,0.0,0.0,0.0,0.0,0.0,62881.76571428571,3351601.5714285714
2023-06-09,Friday,regular,False,6,2,2023,9469.1,523916,12172,241332,80,80,80,977,30,48,385,6062.0,2762.0,238.0,18.0,31.0,0.0,0.0,62881.76571428571,3351601.5714285714
2023-06-10,Saturday,regular,True,6,2,2023,12370.61,706302,18692,302093,96,96,96,931,29,41,210,5786.0,1960.0,231.0,21.0,16.0,1.0,11496.0,62881.76571428571,3351601.5714285714
2023-06-11,Sunday,regular,True,6,2,2023,10252.46,541703,15238,247927,96,96,96,995,33,48,295,5955.0,4512.0,191.0,9.0,11.0,0.0,0.0,62881.76571428571,3351601.5714285714
2023-06-12,Monday,regular,False,6,2,2023,9062.08,500712,11518,228955,80,80,80,758,26,41,425,0.0,0.0,0.0,0.0,0.0,1.0,8209.0,58909.09857142857,3209732.0
2023-06-13,Tuesday,regular,False,6,2,2023,10240.52,547210,13232,250377,80,80,80,612,26,35,300,5929.0,1059.0,107.0,5.0,15.0,0.0,0.0,58909.09857142857,3209732.0
2023-06-14,Wednesday,regular,False,6,2,2023,8798.57,517239,14497,233690,80,80,80,715,26,34,260,0.0,0.0,0.0,0.0,0.0,0.0,0.0,58909.09857142857,3209732.0
2023-06-15,Thursday,regular,False,6,2,2023,8690.82,490256,12582,218082,80,80,80,781,31,39,310,5627.0,1670.0,166.0,14.0,17.0,0.0,0.0,58909.09857142857,3209732.0
2023-06-16,Friday,regular,False,6,2,2023,9116.85,498832,11987,225963,80,80,80,901,28,43,310,6081.0,1705.0,192.0,12.0,25.0,0.0,0.0,58909.09857142857,3209732.0
2023-06-17,Saturday,regular,True,6,2,2023,10647.81,557241,14110,237102,96,96,96,905,33,45,360,5574.0,1519.0,77.0,5.0,8.0,0.0,0.0,58909.09857142857,3209732.0
2023-06-18,Sunday,regular,True,6,2,2023,11124.369999999999,614156,14213,284636,96,96,96,849,30,37,260,5656.0,1826.0,207.0,10.0,26.0,0.0,0.0,58909.09857142857,3209732.0
2023-06-19,Monday,regular,False,6,2,2023,8708.77,478766,12567,211289,80,80,80,726,26,37,370,6093.0,3828.0,279.0,11.0,30.0,0.0,0.0,59152.76142857143,2860710.5714285714
2023-06-20,Tuesday,regular,False,6,2,2023,8236.91,456995,10638,205145,80,80,80,765,23,35,240,5958.0,3404.0,207.0,16.0,25.0,0.0,0.0,59152.76142857143,2860710.5714285714
2023-06-21,Wednesday,regular,False,6,2,2023,9744.42,533786,11578,237273,80,80,80,820,28,38,295,0.0,0.0,0.0,0.0,0.0,0.0,0.0,59152.76142857143,2860710.5714285714
2023-06-22,Thursday,regular,False,6,2,2023,9560.03,519823,13901,233373,80,80,80,884,30,43,300,5742.0,1563.0,89.0,8.0,12.0,1.0,6677.0,59152.76142857143,2860710.5714285714
2023-06-23,Friday,regular,False,6,2,2023,9739.1,544182,13760,253005,80,80,80,974,25,43,365,5944.0,2612.0,202.0,12.0,13.0,0.0,0.0,59152.76142857143,2860710.5714285714
2023-06-24,Saturday,regular,True,6,2,2023,10912.58,574238,13894,268636,96,96,96,864,32,42,305,6051.0,1901.0,198.0,18.0,20.0,0.0,0.0,59152.76142857143,2860710.5714285714
2023-06-25,Sunday,regular,True,6,2,2023,11367.14,595170,15983,259559,96,96,96,1017,33,45,315,5979.0,4456.0,372.0,18.0,32.0,0.0,0.0,59152.76142857143,2860710.5714285714
2023-06-26,Monday,regular,False,6,2,2023,7866.78,408415,10271,174500,80,80,80,764,20,32,240,5973.0,1541.0,48.0,4.0,2.0,0.0,0.0,60279.35142857143,3088773.1428571427
2023-06-27,Tuesday,regular,False,6,2,2023,10025.34,554681,13345,238919,80,80,80,840,29,36,200,6169.0,1939.0,78.0,7.0,9.0,0.0,0.0,60279.35142857143,3088773.1428571427
2023-06-28,Wednesday,regular,False,6,2,2023,9607.61,525572,12022,234762,80,80,80,746,26,38,335,6045.0,1812.0,111.0,10.0,10.0,0.0,0.0,60279.35142857143,3088773.1428571427
2023-06-29,Thursday,regular,False,6,2,2023,9652.0,527459,14416,230330,80,80,80,1072,27,43,170,5734.0,2234.0,101.0,6.0,9.0,2.0,13113.0,60279.35142857143,3088773.1428571427
2023-06-30,Friday,regular,False,6,2,2023,9499.43,517386,13675,239298,80,80,80,714,27,36,270,6136.0,5012.0,422.0,21.0,40.0,0.0,0.0,60279.35142857143,3088773.1428571427
2023-07-01,Saturday,regular,True,7,3,2023,10868.06,580850,15306,254575,96,96,96,801,32,39,310,5913.0,1265.0,89.0,3.0,6.0,0.0,0.0,60279.35142857143,3088773.1428571427
2023-07-02,Sunday,regular,True,7,3,2023,11036.21,595029,14732,252770,96,96,96,815,29,38,270,6068.0,1926.0,105.0,8.0,11.0,1.0,13825.0,60279.35142857143,3088773.1428571427
2023-07-03,Monday,regular,False,7,3,2023,10158.59,572373,14448,248515,80,80,80,800,28,37,180,6021.0,3050.0,145.0,12.0,12.0,0.0,0.0,59626.69142857143,3222690.285714286
2023-07-04,Tuesday,regular,False,7,3,2023,8847.0,483130,12868,227846,80,80,80,691,26,33,265,5620.0,1635.0,85.0,3.0,12.0,0.0,0.0,59626.69142857143,3222690.285714286
2023-07-05,Wednesday,regular,False,7,3,2023,8748.98,485816,12062,214670,80,80,80,861,26,40,355,6165.0,3755.0,255.0,17.0,16.0,0.0,0.0,59626.69142857143,3222690.285714286
2023-07-06,Thursday,regular,False,7,3,2023,8410.6,426312,9600,183420,80,80,80,874,29,46,425,5834.0,1893.0,130.0,4.0,12.0,0.0,0.0,59626.69142857143,3222690.285714286
2023-07-07,Friday,regular,False,7,3,2023,8399.78,481245,13377,216795,80,80,80,878,27,37,170,6040.0,2619.0,158.0,6.0,11.0,0.0,0.0,59626.69142857143,3222690.285714286
2023-07-08,Saturday,regular,True,7,3,2023,11764.55,642373,16745,291863,96,96,96,1160,32,49,260,6096.0,2016.0,179.0,17.0,9.0,0.0,0.0,59626.69142857143,3222690.285714286
2023-07-09,Sunday,regular,True,7,3,2023,9220.82,504158,10550,236188,96,96,96,815,27,42,315,0.0,0.0,0.0,0.0,0.0,0.0,0.0,59626.69142857143,3222690.285714286
2023-07-10,Monday,regular,False,7,3,2023,8595.74,478436,11185,215819,80,80,80,801,28,41,345,5741.0,1591.0,79.0,4.0,6.0,0.0,0.0,59414.6,3191371.7142857146
2023-07-11,Tuesday,regular,False,7,3,2023,9118.09,501260,13478,228302,80,80,80,791,27,41,370,0.0,0.0,0.0,0.0,0.0,0.0,0.0,59414.6,3191371.7142857146
2023-07-12,Wednesday,regular,False,7,3,2023,9432.53,496832,12309,232168,80,80,80,870,25,41,320,6016.0,2536.0,220.0,13.0,23.0,0.0,0.0,59414.6,3191371.7142857146
2023-07-13,Thursday,regular,False,7,3,2023,9361.94,534133,13386,236180,80,80,80,748,24,35,255,5826.0,1238.0,97.0,4.0,5.0,0.0,0.0,59414.6,3191371.7142857146
2023-07-14,Friday,regular,False,7,3,2023,9123.08,482126,13218,227706,80,80,80,888,26,38,190,0.0,0.0,0.0,0.0,0.0,0.0,0.0,59414.6,3191371.7142857146
2023-07-15,Saturday,back_to_school,True,7,3,2023,18229.35,984938,21305,464953,153,153,153,1498,50,71,585,5901.0,2690.0,207.0,10.0,13.0,1.0,21575.0,59414.6,3191371.7142857146
2023-07-16,Sunday,back_to_school,True,7,3,2023,17477.2,953383,24107,410284,153,153,153,1440,56,71,570,5959.0,2430.0,301.0,20.0,39.0,1.0,22344.0,59414.6,3191371.7142857146
2023-07-17,Monday,back_to_school,False,7,3,2023,16550.78,943257,23691,416786,128,128,128,1188,44,61,465,6220.0,6682.0,535.0,27.0,39.0,0.0,0.0,61056.19714285714,3264331.5714285714
2023-07-18,Tuesday,back_to_school,False,7,3,2023,17731.1,936857,21891,444591,128,128,128,1293,40,54,345,6159.0,2764.0,216.0,11.0,11.0,0.0,0.0,61056.19714285714,3264331.5714285714
2023-07-19,Wednesday,back_to_school,False,7,3,2023,15580.81,883882,23892,402601,128,128,128,1285,42,57,325,5700.0,2240.0,109.0,10.0,6.0,0.0,0.0,61056.19714285714,3264331.5714285714
2023-07-20,Thursday,back_to_school,False,7,3,2023,13734.34,797454,19939,360678,128,128,128,1215,41,60,445,0.0,0.0,0.0,0.0,0.0,1.0,17194.0,61056.19714285714,3264331.5714285714
2023-07-21,Friday,back_to_school,False,7,3,2023,14549.99,770892,20098,349837,128,128,128,1012,41,52,420,5794.0,2978.0,203.0,15.0,21.0,0.0,0.0,61056.19714285714,3264331.5714285714
2023-07-22,Saturday,back_to_school,True,7,3,2023,15033.33,812915,21697,361522,153,153,153,1779,55,79,500,6216.0,3191.0,244.0,16.0,27.0,1.0,15627.0,61056.19714285714,3264331.5714285714
2023-07-23,Sunday,back_to_school,True,7,3,2023,15495.07,867178,20650,380635,153,153,153,1394,47,70,640,5811.0,2961.0,136.0,11.0,11.0,0.0,0.0,61056.19714285714,3264331.5714285714
2023-07-24,Monday,back_to_school,False,7,3,2023,14922.22,839591,17806,374741,128,128,128,1080,35,53,460,6302.0,5762.0,480.0,35.0,41.0,0.0,0.0,61246.23857142857,3180747.285714286
2023-07-25,Tuesday,back_to_school,False,7,3,2023,15748.93,903174,20546,409988,128,128,128,1143,40,58,480,0.0,0.0,0.0,0.0,0.0,1.0,13564.0,61246.23857142857,3180747.285714286
2023-07-26,Wednesday,back_to_school,False,7,3,2023,15147.81,844593,19985,383656,128,128,128,1238,40,60,490,5953.0,4638.0,248.0,16.0,23.0,0.0,0.0,61246.23857142857,3180747.285714286
2023-07-27,Thursday,back_to_school,False,7,3,2023,15811.57,872492,20717,389569,128,128,128,1236,39,59,445,6330.0,5405.0,348.0,16.0,38.0,0.0,0.0,61246.23857142857,3180747.285714286
2023-07-28,Friday,back_to_school,False,7,3,2023,14556.07,794765,19358,344458,128,128,128,1250,47,69,695,5975.0,3709.0,367.0,31.0,30.0,0.0,0.0,61246.23857142857,3180747.285714286
2023-07-29,Saturday,back_to_school,True,7,3,2023,17346.89,875174,24227,366607,153,153,153,1349,46,66,515,5965.0,2847.0,201.0,17.0,22.0,0.0,0.0,61246.23857142857,3180747.285714286
2023-07-30,Sunday,back_to_school,True,7,3,2023,15700.23,907976,21731,385588,153,153,153,1710,51,67,330,6167.0,3720.0,191.0,14.0,25.0,0.0,0.0,61246.23857142857,3180747.285714286
2023-07-31,Monday,back_to_school,False,7,3,2023,15372.0,833748,23570,367346,128,128,128,1216,39,58,490,6350.0,5291.0,282.0,23.0,34.0,0.0,0.0,60271.648571428566,3041031.5714285714
2023-08-01,Tuesday,back_to_school,False,8,3,2023,15410.21,823146,20789,369739,128,128,128,1326,45,67,615,5919.0,2775.0,208.0,19.0,28.0,0.0,0.0,60271.648571428566,3041031.5714285714
2023-08-02,Wednesday,back_to_school,False,8,3,2023,17644.39,995585,26098,447954,128,128,128,1437,43,60,370,6099.0,3925.0,440.0,28.0,42.0,0.0,0.0,60271.648571428566,3041031.5714285714
2023-08-03,Thursday,back_to_school,False,8,3,2023,14788.06,771611,18086,338767,128,128,128,1390,43,65,435,6136.0,5979.0,387.0,28.0,39.0,0.0,0.0,60271.648571428566,3041031.5714285714
2023-08-04,Friday,back_to_school,False,8,3,2023,15365.8,841250,18318,383189,128,128,128,1101,43,49,330,0.0,0.0,0.0,0.0,0.0,0.0,0.0,60271.648571428566,3041031.5714285714
2023-08-05,Saturday,back_to_school,True,8,3,2023,17997.170000000002,1039132,26196,486901,153,153,153,1444,49,74,675,0.0,0.0,0.0,0.0,0.0,1.0,19181.0,60271.648571428566,3041031.5714285714
2023-08-06,Sunday,back_to_school,True,8,3,2023,16493.23,839193,23881,377339,153,153,153,1323,50,65,500,0.0,0.0,0.0,0.0,0.0,0.0,0.0,60271.648571428566,3041031.5714285714
2023-08-07,Monday,back_to_school,False,8,3,2023,14511.61,787286,20900,363763,128,128,128,1493,42,69,505,6353.0,6643.0,316.0,10.0,41.0,0.0,0.0,60433.62,3154779.0
2023-08-08,Tuesday,back_to_school,False,8,3,2023,16113.93,844646,21894,375608,128,128,128,1108,37,52,415,6101.0,2214.0,182.0,10.0,18.0,1.0,9505.0,60433.62,3154779.0
2023-08-09,Wednesday,back_to_school,False,8,3,2023,15541.52,823396,20609,373131,128,128,128,931,37,45,345,5875.0,1726.0,155.0,10.0,17.0,0.0,0.0,60433.62,3154779.0
2023-08-10,Thursday,back_to_school,False,8,3,2023,14549.36,816905,19037,368144,128,128,128,809,36,44,390,5851.0,2029.0,64.0,4.0,7.0,0.0,0.0,60433.62,3154779.0
2023-08-11,Friday,back_to_school,False,8,3,2023,13320.72,744299,17880,340014,128,128,128,1345,39,55,215,0.0,0.0,0.0,0.0,0.0,0.0,0.0,60433.62,3154779.0
2023-08-12,Saturday,back_to_school,True,8,3,2023,16437.55,854276,21644,380585,153,153,153,1412,46,64,425,5983.0,9264.0,748.0,68.0,88.0,1.0,22634.0,60433.62,3154779.0
2023-08-13,Sunday,back_to_school,True,8,3,2023,17704.56,965374,23631,415750,153,153,153,1913,56,91,600,6364.0,3131.0,174.0,11.0,20.0,0.0,0.0,60433.62,3154779.0
2023-08-14,Monday,back_to_school,False,8,3,2023,14485.0,775601,17167,369031,128,128,128,1351,49,69,530,6359.0,2246.0,72.0,5.0,6.0,0.0,0.0,62135.172857142854,3189594.1428571427
2023-08-15,Tuesday,back_to_school,False,8,3,2023,15499.33,852446,22143,386334,128,128,128,1008,38,49,380,5980.0,2326.0,185.0,11.0,17.0,0.0,0.0,62135.172857142854,3189594.1428571427
2023-08-16,Wednesday,back_to_school,False,8,3,2023,12853.81,711454,17978,326113,128,128,128,1190,40,54,360,5946.0,3047.0,151.0,5.0,21.0,0.0,0.0,62135.172857142854,3189594.1428571427
2023-08-17,Thursday,back_to_school,False,8,3,2023,14378.6,765572,22224,348200,128,128,128,1368,46,65,505,5883.0,2208.0,169.0,7.0,15.0,0.0,0.0,62135.172857142854,3189594.1428571427
2023-08-18,Friday,back_to_school,False,8,3,2023,16085.79,834773,23632,393783,128,128,128,1242,42,59,510,0.0,0.0,0.0,0.0,0.0,0.0,0.0,62135.172857142854,3189594.1428571427
2023-08-19,Saturday,back_to_school,True,8,3,2023,20524.920000000002,1158727,28211,522433,153,153,153,1283,48,71,610,0.0,0.0,0.0,0.0,0.0,1.0,13333.0,62135.172857142854,3189594.1428571427
2023-08-20,Sunday,back_to_school,True,8,3,2023,19435.68,1084285,26287,513393,153,153,153,1230,48,64,430,6447.0,2692.0,173.0,5.0,21.0,0.0,0.0,62135.172857142854,3189594.1428571427
2023-08-21,Monday,back_to_school,False,8,3,2023,16476.920000000002,868563,21503,389207,128,128,128,1448,41,62,330,0.0,0.0,0.0,0.0,0.0,0.0,0.0,58728.59,3001127.1428571427
2023-08-22,Tuesday,back_to_school,False,8,3,2023,15114.59,812839,19558,375419,128,128,128,1061,38,53,500,6355.0,2420.0,152.0,5.0,8.0,0.0,0.0,58728.59,3001127.1428571427
2023-08-23,Wednesday,back_to_school,False,8,3,2023,15608.66,829638,19536,382701,128,128,128,896,39,48,495,6022.0,3067.0,268.0,18.0,28.0,0.0,0.0,58728.59,3001127.1428571427
2023-08-24,Thursday,back_to_school,False,8,3,2023,14986.4,784126,18903,333930,128,128,128,1219,45,60,465,0.0,0.0,0.0,0.0,0.0,1.0,16684.0,58728.59,3001127.1428571427
2023-08-25,Friday,back_to_school,False,8,3,2023,17608.75,1000202,27096,449082,128,128,128,1364,46,70,500,6435.0,2721.0,231.0,22.0,33.0,0.0,0.0,58728.59,3001127.1428571427
2023-08-26,Saturday,back_to_school,True,8,3,2023,16470.94,868490,21199,398683,153,153,153,1435,46,67,370,6049.0,2577.0,186.0,11.0,20.0,0.0,0.0,58728.59,3001127.1428571427
2023-08-27,Sunday,back_to_school,True,8,3,2023,17165.58,945463,23633,431941,153,153,153,1190,46,61,400,5921.0,3674.0,276.0,9.0,33.0,0.0,0.0,58728.59,3001127.1428571427
2023-08-28,Monday,back_to_school,False,8,3,2023,14428.19,788098,17726,364881,128,128,128,1146,37,56,455,6017.0,2317.0,194.0,7.0,10.0,0.0,0.0,59805.82428571428,3069165.2857142854
2023-08-29,Tuesday,back_to_school,False,8,3,2023,14142.79,781909,18256,348549,128,128,128,1126,44,57,500,5922.0,2742.0,304.0,30.0,39.0,2.0,31882.0,59805.82428571428,3069165.2857142854
2023-08-30,Wednesday,back_to_school,False,8,3,2023,15202.11,854228,21011,368920,128,128,128,1287,38,62,475,5954.0,2385.0,147.0,12.0,10.0,0.0,0.0,59805.82428571428,3069165.2857142854
2023-08-31,Thursday,back_to_school,False,8,3,2023,14071.19,789521,20273,365716,128,128,128,1422,45,65,440,0.0,0.0,0.0,0.0,0.0,0.0,0.0,59805.82428571428,3069165.2857142854
2023-09-01,Friday,back_to_school,False,9,3,2023,17021.98,991005,24731,458260,128,128,128,1495,40,64,355,6447.0,1934.0,173.0,8.0,25.0,0.0,0.0,59805.82428571428,3069165.2857142854
2023-09-02,Saturday,back_to_school,True,9,3,2023,15883.08,865102,22988,381259,153,153,153,1337,50,75,740,6284.0,6207.0,261.0,13.0,19.0,0.0,0.0,59805.82428571428,3069165.2857142854
2023-09-03,Sunday,back_to_school,True,9,3,2023,19689.43,1061773,26690,481047,153,153,153,1343,50,65,465,0.0,0.0,0.0,0.0,0.0,0.0,0.0,59805.82428571428,3069165.2857142854
2023-09-04,Monday,back_to_school,False,9,3,2023,14210.61,812046,20654,370778,128,128,128,1512,46,69,475,6118.0,2221.0,247.0,8.0,17.0,0.0,0.0,43989.624285714286,2368140.5714285714
2023-09-05,Tuesday,back_to_school,False,9,3,2023,14978.41,850287,21593,368246,128,128,128,1299,43,66,495,6406.0,5426.0,420.0,28.0,58.0,0.0,0.0,43989.624285714286,2368140.5714285714
2023-09-06,Wednesday,back_to_school,False,9,3,2023,16030.97,843896,20269,398305,128,128,128,1159,42,55,390,6021.0,2796.0,83.0,5.0,6.0,0.0,0.0,43989.624285714286,2368140.5714285714
2023-09-07,Thursday,back_to_school,False,9,3,2023,17051.18,946892,21263,433619,128,128,128,1346,43,62,430,6028.0,5429.0,451.0,39.0,34.0,0.0,0.0,43989.624285714286,2368140.5714285714
2023-09-08,Friday,back_to_school,False,9,3,2023,18672.47,1035167,24856,492428,128,128,128,1324,43,59,430,6245.0,2627.0,222.0,10.0,13.0,0.0,0.0,43989.624285714286,2368140.5714285714
2023-09-09,Saturday,back_to_school,True,9,3,2023,18577.64,1013032,26776,441891,153,153,153,1334,51,72,725,6538.0,3457.0,370.0,35.0,38.0,0.0,0.0,43989.624285714286,2368140.5714285714
2023-09-10,Sunday,back_to_school,True,9,3,2023,20303.66,1146767,29730,528993,153,153,153,1237,45,63,615,6089.0,7197.0,337.0,20.0,33.0,0.0,0.0,43989.624285714286,2368140.5714285714
2023-09-11,Monday,back_to_school,False,9,3,2023,15638.65,852467,19956,386615,128,128,128,970,38,54,525,6346.0,3040.0,91.0,4.0,5.0,0.0,0.0,42730.478571428575,2272382.4285714286
2023-09-12,Tuesday,back_to_school,False,9,3,2023,14811.53,821663,20372,364025,128,128,128,1140,42,62,590,6195.0,2070.0,158.0,6.0,20.0,0.0,0.0,42730.478571428575,2272382.4285714286
2023-09-13,Wednesday,back_to_school,False,9,3,2023,14891.42,838816,22101,391367,128,128,128,1648,48,72,430,6506.0,1879.0,94.0,8.0,11.0,0.0,0.0,42730.478571428575,2272382.4285714286
2023-09-14,Thursday,back_to_school,False,9,3,2023,16865.3,910929,23850,402917,128,128,128,1229,40,48,230,0.0,0.0,0.0,0.0,0.0,0.0,0.0,42730.478571428575,2272382.4285714286
2023-09-15,Friday,back_to_school,False,9,3,2023,16256.12,902925,20995,410824,128,128,128,1287,43,60,430,6056.0,2967.0,249.0,18.0,24.0,0.0,0.0,42730.478571428575,2272382.4285714286
2023-09-16,Saturday,regular,True,9,3,2023,10892.89,594260,14612,264297,96,96,96,920,31,47,485,6511.0,3063.0,117.0,3.0,6.0,1.0,8934.0,42730.478571428575,2272382.4285714286
2023-09-17,Sunday,regular,True,9,3,2023,11156.88,622414,16005,287400,96,96,96,896,29,40,220,0.0,0.0,0.0,0.0,0.0,0.0,0.0,42730.478571428575,2272382.4285714286
2023-09-18,Monday,regular,False,9,3,2023,10011.96,534088,12103,236018,80,80,80,927,29,43,325,6021.0,1382.0,108.0,7.0,11.0,0.0,0.0,44102.45,2161377.1428571427
2023-09-19,Tuesday,regular,False,9,3,2023,8410.4,462528,12117,205138,80,80,80,975,35,46,325,6236.0,4124.0,292.0,22.0,17.0,0.0,0.0,44102.45,2161377.1428571427
2023-09-20,Wednesday,regular,False,9,3,2023,9078.33,529802,11885,245689,80,80,80,712,25,33,265,6502.0,1905.0,168.0,16.0,19.0,0.0,0.0,44102.45,2161377.1428571427
2023-09-21,Thursday,regular,False,9,3,2023,7610.9800000000005,396986,10879,180661,80,80,80,1255,35,49,285,0.0,0.0,0.0,0.0,0.0,1.0,9838.0,44102.45,2161377.1428571427
2023-09-22,Friday,regular,False,9,3,2023,10550.38,581046,16328,258183,80,80,80,825,32,45,465,0.0,0.0,0.0,0.0,0.0,0.0,0.0,44102.45,2161377.1428571427
2023-09-23,Saturday,regular,True,9,3,2023,10199.029999999999,573367,15179,268026,96,96,96,974,27,44,320,6120.0,1767.0,63.0,4.0,4.0,0.0,0.0,44102.45,2161377.1428571427
2023-09-24,Sunday,regular,True,9,3,2023,11678.84,653963,14562,282258,96,96,96,924,31,43,265,6432.0,3125.0,235.0,16.0,21.0,0.0,0.0,44102.45,2161377.1428571427
2023-09-25,Monday,regular,False,9,3,2023,9667.41,539877,14726,245655,80,80,80,817,31,40,325,6512.0,1242.0,81.0,7.0,9.0,1.0,9540.0,42784.805714285714,2170590.2857142854
2023-09-26,Tuesday,regular,False,9,3,2023,10637.68,588436,14931,267599,80,80,80,843,31,48,505,6613.0,1442.0,154.0,12.0,7.0,0.0,0.0,42784.805714285714,2170590.2857142854
2023-09-27,Wednesday,regular,False,9,3,2023,10276.87,560140,13240,242835,80,80,80,1055,32,47,220,0.0,0.0,0.0,0.0,0.0,0.0,0.0,42784.805714285714,2170590.2857142854
2023-09-28,Thursday,regular,False,9,3,2023,9366.67,529868,12462,245792,80,80,80,787,25,41,350,6425.0,5329.0,379.0,23.0,31.0,0.0,0.0,42784.805714285714,2170590.2857142854
2023-09-29,Friday,regular,False,9,3,2023,8000.57,447216,11190,199027,80,80,80,1010,32,51,395,6108.0,1297.0,50.0,4.0,6.0,0.0,0.0,42784.805714285714,2170590.2857142854
2023-09-30,Saturday,regular,True,9,3,2023,11848.18,632375,15423,272275,96,96,96,879,30,45,430,6647.0,2289.0,117.0,7.0,9.0,0.0,0.0,42784.805714285714,2170590.2857142854
2023-10-01,Sunday,regular,True,10,4,2023,10919.85,607846,15134,271933,96,96,96,692,29,38,330,0.0,0.0,0.0,0.0,0.0,0.0,0.0,42784.805714285714,2170590.2857142854
2023-10-02,Monday,regular,False,10,4,2023,8562.05,474700,12636,230468,80,80,80,734,26,35,245,6246.0,1219.0,70.0,3.0,5.0,0.0,0.0,46083.15714285714,2564065.714285714
2023-10-03,Tuesday,regular,False,10,4,2023,9629.22,515716,14113,227556,80,80,80,805,34,40,300,6570.0,1132.0,58.0,2.0,5.0,0.0,0.0,46083.15714285714,2564065.714285714
2023-10-04,Wednesday,regular,False,10,4,2023,8556.12,451822,10856,197880,80,80,80,973,29,42,280,6413.0,1723.0,70.0,6.0,3.0,1.0,7101.0,46083.15714285714,2564065.714285714
2023-10-05,Thursday,regular,False,10,4,2023,10254.83,582934,13509,255843,80,80,80,617,24,37,360,6642.0,4589.0,254.0,16.0,24.0,0.0,0.0,46083.15714285714,2564065.714285714
2023-10-06,Friday,regular,False,10,4,2023,9622.33,536418,13769,241434,80,80,80,717,24,33,205,6549.0,4300.0,289.0,26.0,30.0,0.0,0.0,46083.15714285714,2564065.714285714
2023-10-07,Saturday,regular,True,10,4,2023,10081.09,543491,12193,247935,96,96,96,969,35,50,410,0.0,0.0,0.0,0.0,0.0,0.0,0.0,46083.15714285714,2564065.714285714
2023-10-08,Sunday,regular,True,10,4,2023,11201.3,603983,13554,259942,96,96,96,823,27,38,205,6265.0,1427.0,80.0,5.0,9.0,0.0,0.0,46083.15714285714,2564065.714285714
2023-10-09,Monday,regular,False,10,4,2023,8479.47,485137,11516,215345,80,80,80,673,31,36,330,6250.0,1887.0,122.0,11.0,12.0,0.0,0.0,49543.43428571429,2524996.2857142854
2023-10-10,Tuesday,regular,False,10,4,2023,9465.66,528572,13284,246544,80,80,80,710,28,37,280,6418.0,1434.0,98.0,7.0,5.0,0.0,0.0,49543.43428571429,2524996.2857142854
2023-10-11,Wednesday,regular,False,10,4,2023,8084.66,448543,11221,194285,80,80,80,781,25,39,225,6435.0,2713.0,138.0,8.0,15.0,0.0,0.0,49543.43428571429,2524996.2857142854
2023-10-12,Thursday,regular,False,10,4,2023,9714.7,530434,12727,235751,80,80,80,907,25,43,320,6712.0,4851.0,310.0,13.0,26.0,0.0,0.0,49543.43428571429,2524996.2857142854
2023-10-13,Friday,regular,False,10,4,2023,8173.84,468529,12294,199646,80,80,80,1085,30,44,250,6189.0,1896.0,184.0,16.0,9.0,1.0,5885.0,49543.43428571429,2524996.2857142854
2023-10-14,Saturday,regular,True,10,4,2023,11446.5,622158,16317,275256,96,96,96,785,31,39,275,6271.0,1321.0,70.0,6.0,7.0,1.0,12545.0,49543.43428571429,2524996.2857142854
2023-10-15,Sunday,regular,True,10,4,2023,11636.33,624282,16145,285886,96,96,96,1167,34,61,440,6366.0,1659.0,112.0,7.0,9.0,0.0,0.0,49543.43428571429,2524996.2857142854
2023-10-16,Monday,regular,False,10,4,2023,8368.37,471561,11046,216546,80,80,80,825,28,42,345,6505.0,1812.0,144.0,12.0,20.0,0.0,0.0,46015.834285714285,2280053.714285714
2023-10-17,Tuesday,regular,False,10,4,2023,9301.99,521086,13348,231760,80,80,80,1045,29,45,260,6355.0,1506.0,102.0,4.0,8.0,0.0,0.0,46015.834285714285,2280053.714285714
2023-10-18,Wednesday,regular,False,10,4,2023,9036.54,474345,12280,206646,80,80,80,719,24,32,190,6658.0,2822.0,243.0,13.0,22.0,0.0,0.0,46015.834285714285,2280053.714285714
2023-10-19,Thursday,regular,False,10,4,2023,9470.12,525959,13338,237460,80,80,80,823,26,36,210,6471.0,3577.0,198.0,11.0,19.0,0.0,0.0,46015.834285714285,2280053.714285714
2023-10-20,Friday,regular,False,10,4,2023,10034.17,542496,12282,242075,80,80,80,668,26,38,370,6596.0,1741.0,86.0,5.0,10.0,0.0,0.0,46015.834285714285,2280053.714285714
2023-10-21,Saturday,regular,True,10,4,2023,10173.74,533657,13289,242801,96,96,96,729,28,44,415,6541.0,4407.0,442.0,27.0,33.0,0.0,0.0,46015.834285714285,2280053.714285714
2023-10-22,Sunday,regular,True,10,4,2023,11951.77,654137,17800,287051,96,96,96,933,32,44,315,6386.0,1626.0,150.0,7.0,10.0,2.0,23084.0,46015.834285714285,2280053.714285714
2023-10-23,Monday,regular,False,10,4,2023,10105.92,571344,13569,265427,80,80,80,852,24,35,185,6430.0,1331.0,146.0,9.0,18.0,0.0,0.0,44142.09714285714,2377612.714285714
2023-10-24,Tuesday,regular,False,10,4,2023,9285.92,500091,12382,222297,80,80,80,1057,28,45,315,6310.0,3658.0,356.0,31.0,23.0,0.0,0.0,44142.09714285714,2377612.714285714
2023-10-25,Wednesday,regular,False,10,4,2023,9964.31,563615,13673,244248,80,80,80,845,29,41,340,6330.0,1362.0,165.0,10.0,21.0,0.0,0.0,44142.09714285714,2377612.714285714
2023-10-26,Thursday,regular,False,10,4,2023,10681.84,573344,14548,260006,80,80,80,850,29,46,350,6192.0,1531.0,156.0,13.0,19.0,0.0,0.0,44142.09714285714,2377612.714285714
2023-10-27,Friday,regular,False,10,4,2023,9096.4,490575,11880,205566,80,80,80,964,25,40,190,0.0,0.0,0.0,0.0,0.0,0.0,0.0,44142.09714285714,2377612.714285714
2023-10-28,Saturday,regular,True,10,4,2023,11084.58,591647,16143,266381,96,96,96,694,28,40,400,6236.0,1938.0,166.0,14.0,19.0,0.0,0.0,44142.09714285714,2377612.714285714
2023-10-29,Sunday,regular,True,10,4,2023,12320.93,659737,15596,293612,96,96,96,594,28,38,395,0.0,0.0,0.0,0.0,0.0,0.0,0.0,44142.09714285714,2377612.714285714
2023-10-30,Monday,regular,False,10,4,2023,9229.49,495703,13232,228117,80,80,80,767,26,34,185,6634.0,1910.0,110.0,5.0,15.0,0.0,0.0,44648.23857142857,2331779.4285714286
2023-10-31,Tuesday,regular,False,10,4,2023,11060.55,586243,13898,257625,80,80,80,765,23,34,255,6737.0,3905.0,314.0,25.0,33.0,0.0,0.0,44648.23857142857,2331779.4285714286
2023-11-01,Wednesday,regular,False,11,4,2023,8920.47,487510,12288,212941,80,80,80,782,29,37,300,6699.0,1217.0,67.0,4.0,8.0,0.0,0.0,44648.23857142857,2331779.4285714286
2023-11-02,Thursday,regular,False,11,4,2023,8371.83,455936,12125,203752,80,80,80,872,30,43,340,6726.0,3183.0,270.0,8.0,23.0,0.0,0.0,44648.23857142857,2331779.4285714286
2023-11-03,Friday,regular,False,11,4,2023,7640.18,422964,9430,188639,80,80,80,751,26,38,355,6703.0,1901.0,122.0,8.0,9.0,0.0,0.0,44648.23857142857,2331779.4285714286
2023-11-04,Saturday,regular,True,11,4,2023,12263.07,692080,18685,324595,96,96,96,593,27,34,345,6789.0,3599.0,317.0,17.0,18.0,0.0,0.0,44648.23857142857,2331779.4285714286
2023-11-05,Sunday,regular,True,11,4,2023,10757.45,582663,14242,268900,96,96,96,887,29,39,280,6788.0,3259.0,142.0,6.0,12.0,0.0,0.0,44648.23857142857,2331779.4285714286
2023-11-06,Monday,regular,False,11,4,2023,8960.21,482493,11638,217644,80,80,80,698,27,38,320,6628.0,1505.0,169.0,8.0,10.0,0.0,0.0,68074.99285714286,3691986.1428571427
2023-11-07,Tuesday,regular,False,11,4,2023,8784.55,511079,12829,229137,80,80,80,664,24,35,370,6739.0,1938.0,54.0,2.0,4.0,0.0,0.0,68074.99285714286,3691986.1428571427
2023-11-08,Wednesday,regular,False,11,4,2023,7765.9,420597,9450,190467,80,80,80,813,26,35,205,0.0,0.0,0.0,0.0,0.0,0.0,0.0,68074.99285714286,3691986.1428571427
2023-11-09,Thursday,regular,False,11,4,2023,10279.52,586343,14469,252902,80,80,80,583,24,29,225,6662.0,3044.0,276.0,19.0,23.0,0.0,0.0,68074.99285714286,3691986.1428571427
2023-11-10,Friday,regular,False,11,4,2023,10740.1,574079,14456,264157,80,80,80,660,24,31,245,6278.0,1091.0,65.0,5.0,5.0,1.0,11992.0,68074.99285714286,3691986.1428571427
2023-11-11,Saturday,regular,True,11,4,2023,10455.0,556560,13274,250938,96,96,96,846,27,42,275,6734.0,1575.0,111.0,6.0,5.0,1.0,10814.0,68074.99285714286,3691986.1428571427
2023-11-12,Sunday,regular,True,11,4,2023,9608.63,525464,12094,235525,96,96,96,692,28,43,475,6378.0,2919.0,223.0,10.0,16.0,0.0,0.0,68074.99285714286,3691986.1428571427
2023-11-13,Monday,regular,False,11,4,2023,7705.36,420215,10834,181252,80,80,80,1026,31,43,250,6843.0,4114.0,174.0,6.0,17.0,0.0,0.0,71182.22571428571,3564391.1428571427
2023-11-14,Tuesday,regular,False,11,4,2023,10620.64,604378,15903,265855,80,80,80,738,28,37,305,6855.0,1420.0,121.0,6.0,11.0,0.0,0.0,71182.22571428571,3564391.1428571427
2023-11-15,Wednesday,black_friday_holiday,False,11,4,2023,17253.55,935926,22325,427640,160,160,160,1554,47,67,325,6762.0,6035.0,487.0,39.0,38.0,1.0,13558.0,71182.22571428571,3564391.1428571427
2023-11-16,Thursday,black_friday_holiday,False,11,4,2023,17225.38,973997,23135,427791,160,160,160,1203,51,62,525,6803.0,9302.0,645.0,43.0,61.0,0.0,0.0,71182.22571428571,3564391.1428571427
2023-11-17,Friday,black_friday_holiday,False,11,4,2023,18524.71,1034639,28887,469264,160,160,160,1544,51,74,555,6548.0,2225.0,129.0,8.0,8.0,0.0,0.0,71182.22571428571,3564391.1428571427
2023-11-18,Saturday,black_friday_holiday,True,11,4,2023,23608.82,1263406,28280,573880,192,192,192,1695,59,82,630,6550.0,4546.0,280.0,11.0,41.0,0.0,0.0,71182.22571428571,3564391.1428571427
2023-11-19,Sunday,black_friday_holiday,True,11,4,2023,16771.93,936537,23563,412366,192,192,192,1960,66,95,780,6675.0,2803.0,163.0,9.0,22.0,0.0,0.0,71182.22571428571,3564391.1428571427
2023-11-20,Monday,black_friday_holiday,False,11,4,2023,19976.49,1132323,26269,536764,160,160,160,1133,48,66,630,6784.0,7369.0,576.0,33.0,57.0,0.0,0.0,68675.74714285714,3600929.0
2023-11-21,Tuesday,black_friday_holiday,False,11,4,2023,17509.149999999998,1008172,24873,473209,160,160,160,1477,54,78,710,6818.0,5762.0,404.0,21.0,34.0,0.0,0.0,68675.74714285714,3600929.0
2023-11-22,Wednesday,black_friday_holiday,False,11,4,2023,16273.54,878826,19959,380872,160,160,160,1731,50,80,595,6781.0,8109.0,597.0,22.0,73.0,0.0,0.0,68675.74714285714,3600929.0
2023-11-23,Thursday,black_friday_holiday,False,11,4,2023,19479.17,1027280,23935,457612,160,160,160,1472,48,68,510,6724.0,3137.0,254.0,13.0,19.0,0.0,0.0,68675.74714285714,3600929.0
2023-11-24,Friday,black_friday_holiday,False,11,4,2023,18943.29,1072369,26590,469360,160,160,160,1645,54,77,525,0.0,0.0,0.0,0.0,0.0,0.0,0.0,68675.74714285714,3600929.0
2023-11-25,Saturday,black_friday_holiday,True,11,4,2023,24390.55,1388901,33682,657909,192,192,192,2495,72,106,605,6738.0,3457.0,243.0,7.0,17.0,0.0,0.0,68675.74714285714,3600929.0
2023-11-26,Sunday,black_friday_holiday,True,11,4,2023,22144.21,1181158,27902,498165,192,192,192,2118,62,98,715,0.0,0.0,0.0,0.0,0.0,0.0,0.0,68675.74714285714,3600929.0
2023-11-27,Monday,black_friday_holiday,False,11,4,2023,17008.86,886105,22717,399666,160,160,160,1509,52,71,560,6887.0,5517.0,319.0,28.0,29.0,0.0,0.0,69511.24714285714,3692923.4285714286
2023-11-28,Tuesday,black_friday_holiday,False,11,4,2023,18637.61,1054515,23667,483646,160,160,160,1589,53,76,585,6366.0,2581.0,141.0,11.0,20.0,0.0,0.0,69511.24714285714,3692923.4285714286
2023-11-29,Wednesday,black_friday_holiday,False,11,4,2023,17887.83,948561,23589,417594,160,160,160,1479,57,80,785,6896.0,2357.0,92.0,6.0,13.0,0.0,0.0,69511.24714285714,3692923.4285714286
2023-11-30,Thursday,black_friday_holiday,False,11,4,2023,17801.99,1013591,26188,432859,160,160,160,1245,50,67,555,0.0,0.0,0.0,0.0,0.0,1.0,21454.0,69511.24714285714,3692923.4285714286
2023-12-01,Friday,black_friday_holiday,False,12,4,2023,19306.34,1071338,26736,477212,160,160,160,1645,50,73,400,6599.0,2724.0,226.0,20.0,24.0,0.0,0.0,69511.24714285714,3692923.4285714286
2023-12-02,Saturday,black_friday_holiday,True,12,4,2023,19767.79,1064695,28544,462778,192,192,192,1920,60,85,590,6710.0,3502.0,143.0,12.0,10.0,0.0,0.0,69511.24714285714,3692923.4285714286
2023-12-03,Sunday,black_friday_holiday,True,12,4,2023,23569.75,1279246,30007,571524,192,192,192,1907,63,92,600,0.0,0.0,0.0,0.0,0.0,0.0,0.0,69511.24714285714,3692923.4285714286
2023-12-04,Monday,black_friday_holiday,False,12,4,2023,17744.88,984840,21073,424603,160,160,160,1610,52,73,505,6644.0,3192.0,266.0,16.0,39.0,0.0,0.0,72469.86428571428,3879626.714285714
2023-12-05,Tuesday,black_friday_holiday,False,12,4,2023,18493.6,992596,24075,449676,160,160,160,1622,56,76,595,6804.0,6495.0,564.0,50.0,57.0,1.0,14761.0,72469.86428571428,3879626.714285714
2023-12-06,Wednesday,black_friday_holiday,False,12,4,2023,9004.89,528450,12857,245215,80,80,80,719,28,37,310,6918.0,1720.0,58.0,1.0,3.0,0.0,0.0,72469.86428571428,3879626.714285714
2023-12-07,Thursday,black_friday_holiday,False,12,4,2023,9197.24,491602,11367,217387,80,80,80,751,27,38,240,6963.0,1132.0,128.0,9.0,19.0,0.0,0.0,72469.86428571428,3879626.714285714
2023-12-08,Friday,black_friday_holiday,False,12,4,2023,8661.4,466384,11591,207525,80,80,80,845,29,46,425,6776.0,4483.0,193.0,6.0,15.0,0.0,0.0,72469.86428571428,3879626.714285714
2023-12-09,Saturday,black_friday_holiday,True,12,4,2023,9643.1,564970,13835,264796,96,96,96,1061,34,51,385,0.0,0.0,0.0,0.0,0.0,0.0,0.0,72469.86428571428,3879626.714285714
2023-12-10,Sunday,black_friday_holiday,True,12,4,2023,10097.9,547379,14475,227395,96,96,96,895,32,39,185,6811.0,1564.0,125.0,7.0,16.0,0.0,0.0,72469.86428571428,3879626.714285714
2023-12-11,Monday,regular,False,12,4,2023,7833.53,434648,10781,198877,80,80,80,763,27,36,265,6904.0,1737.0,88.0,7.0,10.0,0.0,0.0,77087.7,3991450.5714285714
2023-12-12,Tuesday,regular,False,12,4,2023,10091.25,546936,12456,234917,80,80,80,659,24,33,300,6993.0,2587.0,162.0,8.0,19.0,0.0,0.0,77087.7,3991450.5714285714
2023-12-13,Wednesday,regular,False,12,4,2023,9810.8,542340,13571,238233,80,80,80,850,26,35,230,6706.0,1650.0,179.0,6.0,22.0,0.0,0.0,77087.7,3991450.5714285714
2023-12-14,Thursday,regular,False,12,4,2023,9264.76,491233,12624,223128,80,80,80,666,27,34,315,6574.0,1897.0,211.0,14.0,16.0,0.0,0.0,77087.7,3991450.5714285714
2023-12-15,Friday,regular,False,12,4,2023,10165.83,561185,13771,248803,80,80,80,775,29,38,320,6831.0,1603.0,108.0,6.0,16.0,0.0,0.0,77087.7,3991450.5714285714
2023-12-16,Saturday,regular,True,12,4,2023,10712.94,583876,13264,271329,96,96,96,841,29,43,285,0.0,0.0,0.0,0.0,0.0,0.0,0.0,77087.7,3991450.5714285714
2023-12-17,Sunday,regular,True,12,4,2023,10758.8,603621,14390,266163,96,96,96,1039,31,46,290,0.0,0.0,0.0,0.0,0.0,1.0,13575.0,77087.7,3991450.5714285714
2023-12-18,Monday,regular,False,12,4,2023,9313.68,494121,12509,222550,80,80,80,759,32,41,395,7012.0,1622.0,86.0,7.0,5.0,0.0,0.0,80011.32857142857,4192692.7142857146
2023-12-19,Tuesday,regular,False,12,4,2023,8861.24,474945,12038,211521,80,80,80,733,27,39,340,6887.0,1442.0,40.0,1.0,5.0,0.0,0.0,80011.32857142857,4192692.7142857146
2023-12-20,Wednesday,regular,False,12,4,2023,10486.69,609329,16975,273063,80,80,80,840,24,35,160,7048.0,1307.0,70.0,3.0,3.0,0.0,0.0,80011.32857142857,4192692.7142857146
2023-12-21,Thursday,regular,False,12,4,2023,9359.06,493095,11377,224609,80,80,80,797,26,36,235,6713.0,1081.0,106.0,10.0,11.0,0.0,0.0,80011.32857142857,4192692.7142857146
2023-12-22,Friday,regular,False,12,4,2023,8970.52,486217,12191,214683,80,80,80,732,24,35,240,6654.0,2664.0,176.0,13.0,18.0,0.0,0.0,80011.32857142857,4192692.7142857146
2023-12-23,Saturday,regular,True,12,4,2023,11939.79,588788,15434,282989,96,96,96,687,29,36,265,6620.0,1936.0,89.0,8.0,6.0,0.0,0.0,80011.32857142857,4192692.7142857146
2023-12-24,Sunday,regular,True,12,4,2023,11413.51,606900,14281,258778,96,96,96,1071,31,42,175,6694.0,3974.0,191.0,9.0,14.0,0.0,0.0,80011.32857142857,4192692.7142857146
2023-12-25,Monday,regular,False,12,4,2023,11231.67,617531,16302,275156,80,80,80,830,24,37,175,6901.0,1508.0,67.0,5.0,9.0,0.0,0.0,74740.63428571429,3819623.8571428573
2023-12-26,Tuesday,regular,False,12,4,2023,9860.72,538322,14363,247265,80,80,80,644,24,32,310,0.0,0.0,0.0,0.0,0.0,0.0,0.0,74740.63428571429,3819623.8571428573
2023-12-27,Wednesday,regular,False,12,4,2023,9193.789999999999,487972,12128,227123,80,80,80,898,27,46,385,6760.0,1556.0,88.0,3.0,10.0,0.0,0.0,74740.63428571429,3819623.8571428573
2023-12-28,Thursday,regular,False,12,4,2023,9894.36,557516,12626,231993,80,80,80,628,23,33,330,6988.0,4053.0,281.0,22.0,25.0,0.0,0.0,74740.63428571429,3819623.8571428573
2023-12-29,Friday,regular,False,12,4,2023,9810.78,519486,13382,244727,80,80,80,965,35,51,495,7025.0,1821.0,198.0,10.0,10.0,0.0,0.0,74740.63428571429,3819623.8571428573
2023-12-30,Saturday,regular,True,12,4,2023,11634.45,645932,15001,282546,96,96,96,995,32,45,300,7066.0,4750.0,295.0,17.0,25.0,0.0,0.0,74740.63428571429,3819623.8571428573
2023-12-31,Sunday,regular,True,12,4,2023,12306.47,704926,18148,313859,96,96,96,723,30,37,305,6727.0,3524.0,261.0,11.0,32.0,1.0,7084.0,74740.63428571429,3819623.8571428573
2024-01-01,Monday,regular,False,1,1,2024,9052.6,503946,13403,212753,80,80,80,642,24,32,300,0.0,0.0,0.0,0.0,0.0,0.0,0.0,43630.82142857143,2294652.0
2024-01-02,Tuesday,regular,False,1,1,2024,8463.89,457742,10650,208386,80,80,80,722,28,33,215,7109.0,2842.0,124.0,7.0,8.0,0.0,0.0,43630.82142857143,2294652.0
2024-01-03,Wednesday,regular,False,1,1,2024,8874.43,458468,10442,210930,80,80,80,971,29,47,335,6838.0,1072.0,77.0,6.0,9.0,0.0,0.0,43630.82142857143,2294652.0
2024-01-04,Thursday,regular,False,1,1,2024,9385.93,516319,12527,211419,80,80,80,950,28,47,405,0.0,0.0,0.0,0.0,0.0,0.0,0.0,43630.82142857143,2294652.0
2024-01-05,Friday,regular,False,1,1,2024,9947.26,548649,13066,256200,80,80,80,828,25,35,205,0.0,0.0,0.0,0.0,0.0,0.0,0.0,43630.82142857143,2294652.0
2024-01-06,Saturday,regular,True,1,1,2024,10838.63,567357,13564,247528,96,96,96,981,35,47,365,6949.0,5228.0,355.0,12.0,28.0,0.0,0.0,43630.82142857143,2294652.0
2024-01-07,Sunday,regular,True,1,1,2024,11026.58,618393,15856,263776,96,96,96,956,31,41,300,6929.0,5592.0,323.0,17.0,31.0,1.0,9159.0,43630.82142857143,2294652.0
2024-01-08,Monday,regular,False,1,1,2024,8926.37,484206,12958,221371,80,80,80,1027,33,49,370,0.0,0.0,0.0,0.0,0.0,0.0,0.0,45168.875714285714,2439157.0
2024-01-09,Tuesday,regular,False,1,1,2024,8930.4,498698,13969,216467,80,80,80,1127,29,45,210,6773.0,1141.0,91.0,3.0,13.0,0.0,0.0,45168.875714285714,2439157.0
2024-01-10,Wednesday,regular,False,1,1,2024,9788.41,557300,14782,259419,80,80,80,902,32,40,270,0.0,0.0,0.0,0.0,0.0,0.0,0.0,45168.875714285714,2439157.0
2024-01-11,Thursday,regular,False,1,1,2024,9283.4,509101,12950,234409,80,80,80,902,28,43,215,0.0,0.0,0.0,0.0,0.0,2.0,17224.0,45168.875714285714,2439157.0
2024-01-12,Friday,regular,False,1,1,2024,8585.01,471006,12032,212686,80,80,80,632,28,36,355,6659.0,1938.0,117.0,10.0,14.0,0.0,0.0,45168.875714285714,2439157.0
2024-01-13,Saturday,regular,True,1,1,2024,10834.6,608258,15364,282607,96,96,96,950,27,39,205,6865.0,1727.0,129.0,9.0,18.0,0.0,0.0,45168.875714285714,2439157.0
2024-01-14,Sunday,regular,True,1,1,2024,11557.73,648911,14585,286685,96,96,96,955,31,43,305,7010.0,3470.0,275.0,21.0,25.0,1.0,8569.0,45168.875714285714,2439157.0
2024-01-15,Monday,regular,False,1,1,2024,8565.7,455783,11462,200269,80,80,80,910,26,36,145,6961.0,1590.0,166.0,13.0,13.0,1.0,8840.0,46220.77142857143,2448777.2857142854
2024-01-16,Tuesday,regular,False,1,1,2024,8566.81,460262,12523,207695,80,80,80,717,28,37,370,7156.0,3130.0,185.0,11.0,15.0,0.0,0.0,46220.77142857143,2448777.2857142854
2024-01-17,Wednesday,regular,False,1,1,2024,9980.34,563292,14318,234233,80,80,80,1006,26,40,190,6702.0,1441.0,101.0,8.0,6.0,0.0,0.0,46220.77142857143,2448777.2857142854
2024-01-18,Thursday,regular,False,1,1,2024,9958.63,544832,14157,236187,80,80,80,777,29,34,190,6955.0,2941.0,274.0,20.0,30.0,0.0,0.0,46220.77142857143,2448777.2857142854
2024-01-19,Friday,regular,False,1,1,2024,8758.14,475557,11678,220653,80,80,80,519,24,29,285,6748.0,2185.0,135.0,11.0,16.0,0.0,0.0,46220.77142857143,2448777.2857142854
2024-01-20,Saturday,regular,True,1,1,2024,11717.49,646510,15179,270958,96,96,96,922,34,46,355,7010.0,1428.0,72.0,2.0,5.0,0.0,0.0,46220.77142857143,2448777.2857142854
2024-01-21,Sunday,regular,True,1,1,2024,9843.91,538835,12539,249359,96,96,96,910,33,47,345,7036.0,2126.0,134.0,11.0,20.0,0.0,0.0,46220.77142857143,2448777.2857142854
2024-01-22,Monday,regular,False,1,1,2024,8945.57,490842,13287,219295,80,80,80,824,28,39,250,7174.0,4041.0,208.0,15.0,18.0,1.0,9583.0,43890.48285714286,2341220.1428571427
2024-01-23,Tuesday,regular,False,1,1,2024,9119.76,501876,11555,217418,80,80,80,818,27,37,245,6927.0,3051.0,214.0,13.0,19.0,1.0,5965.0,43890.48285714286,2341220.1428571427
2024-01-24,Wednesday,regular,False,1,1,2024,10361.99,572633,14314,260796,80,80,80,933,27,41,190,7118.0,3246.0,299.0,14.0,26.0,0.0,0.0,43890.48285714286,2341220.1428571427
2024-01-25,Thursday,regular,False,1,1,2024,10244.88,544206,14285,249824,80,80,80,627,24,31,250,6803.0,1194.0,87.0,5.0,8.0,0.0,0.0,43890.48285714286,2341220.1428571427
2024-01-26,Friday,regular,False,1,1,2024,9762.31,531916,13324,244524,80,80,80,608,21,27,155,6742.0,1842.0,206.0,12.0,28.0,0.0,0.0,43890.48285714286,2341220.1428571427
2024-01-27,Saturday,regular,True,1,1,2024,11399.86,659759,14615,311966,96,96,96,1087,33,50,270,7059.0,3165.0,170.0,11.0,12.0,0.0,0.0,43890.48285714286,2341220.1428571427
2024-01-28,Sunday,regular,True,1,1,2024,12187.24,652358,16873,293960,96,96,96,923,28,40,290,7234.0,4499.0,260.0,20.0,25.0,1.0,14032.0,43890.48285714286,2341220.1428571427
2024-01-29,Monday,regular,False,1,1,2024,8284.1,446588,11575,191677,80,80,80,862,29,43,340,7178.0,2591.0,133.0,7.0,10.0,0.0,0.0,47457.39,2440491.5714285714
2024-01-30,Tuesday,regular,False,1,1,2024,11403.36,622755,14654,280134,80,80,80,933,29,44,375,6908.0,1307.0,116.0,6.0,5.0,0.0,0.0,47457.39,2440491.5714285714
2024-01-31,Wednesday,regular,False,1,1,2024,10136.97,561189,15037,260113,80,80,80,749,30,38,380,0.0,0.0,0.0,0.0,0.0,1.0,9445.0,47457.39,2440491.5714285714
2024-02-01,Thursday,regular,False,2,1,2024,8586.24,473637,13005,211301,80,80,80,635,26,31,290,6771.0,1756.0,132.0,8.0,11.0,0.0,0.0,47457.39,2440491.5714285714
2024-02-02,Friday,regular,False,2,1,2024,8124.11,462951,11797,206706,80,80,80,809,26,44,380,7275.0,3534.0,338.0,24.0,32.0,0.0,0.0,47457.39,2440491.5714285714
2024-02-03,Saturday,regular,True,2,1,2024,12762.04,741075,18845,321288,96,96,96,965,34,48,355,6698.0,1900.0,146.0,8.0,7.0,0.0,0.0,47457.39,2440491.5714285714
2024-02-04,Sunday,regular,True,2,1,2024,12150.77,659613,15856,308312,96,96,96,724,28,35,290,0.0,0.0,0.0,0.0,0.0,0.0,0.0,47457.39,2440491.5714285714
2024-02-05,Monday,regular,False,2,1,2024,9792.66,518456,12357,231008,80,80,80,725,30,41,465,7282.0,2785.0,272.0,9.0,26.0,0.0,0.0,48953.52142857143,2484363.4285714286
2024-02-06,Tuesday,regular,False,2,1,2024,11011.93,598378,15102,283891,80,80,80,947,30,43,325,7060.0,1826.0,162.0,13.0,22.0,0.0,0.0,48953.52142857143,2484363.4285714286
2024-02-07,Wednesday,regular,False,2,1,2024,10229.1,556564,13569,256930,80,80,80,1048,28,48,265,6768.0,1073.0,77.0,3.0,11.0,0.0,0.0,48953.52142857143,2484363.4285714286
2024-02-08,Thursday,regular,False,2,1,2024,8415.08,487429,13651,230906,80,80,80,847,28,41,325,6910.0,1627.0,48.0,3.0,4.0,1.0,9056.0,48953.52142857143,2484363.4285714286
2024-02-09,Friday,regular,False,2,1,2024,9629.25,515382,13296,241130,80,80,80,847,25,37,220,7050.0,1819.0,162.0,13.0,8.0,0.0,0.0,48953.52142857143,2484363.4285714286
2024-02-10,Saturday,regular,True,2,1,2024,12208.18,676426,17983,299952,96,96,96,1031,33,49,305,6875.0,1438.0,90.0,4.0,13.0,0.0,0.0,48953.52142857143,2484363.4285714286
2024-02-11,Sunday,regular,True,2,1,2024,10867.26,622547,14784,297631,96,96,96,1148,36,52,405,7327.0,2195.0,167.0,13.0,11.0,0.0,0.0,48953.52142857143,2484363.4285714286
2024-02-12,Monday,regular,False,2,1,2024,7723.51,430265,10490,193495,80,80,80,991,30,48,305,6975.0,2656.0,179.0,15.0,13.0,0.0,0.0,46811.661428571424,2279251.0
2024-02-13,Tuesday,regular,False,2,1,2024,9830.92,543374,12155,239644,80,80,80,751,25,38,320,6749.0,1440.0,138.0,7.0,7.0,0.0,0.0,46811.661428571424,2279251.0
2024-02-14,Wednesday,regular,False,2,1,2024,10294.16,578817,14750,250820,80,80,80,632,24,31,260,6896.0,1293.0,168.0,5.0,21.0,1.0,10842.0,46811.661428571424,2279251.0
2024-02-15,Thursday,regular,False,2,1,2024,9984.77,556927,12573,252452,80,80,80,714,27,38,260,7133.0,2557.0,188.0,10.0,19.0,1.0,10117.0,46811.661428571424,2279251.0
2024-02-16,Friday,regular,False,2,1,2024,9841.39,530322,11839,250624,80,80,80,510,22,26,265,7000.0,4478.0,355.0,15.0,22.0,0.0,0.0,46811.661428571424,2279251.0
2024-02-17,Saturday,regular,True,2,1,2024,10306.56,571000,14603,253596,96,96,96,988,33,47,385,0.0,0.0,0.0,0.0,0.0,0.0,0.0,46811.661428571424,2279251.0
2024-02-18,Sunday,regular,True,2,1,2024,11047.96,590506,15942,263397,96,96,96,992,32,48,415,7356.0,3351.0,212.0,10.0,21.0,0.0,0.0,46811.661428571424,2279251.0
2024-02-19,Monday,regular,False,2,1,2024,7668.28,440729,11374,193074,80,80,80,952,25,38,130,0.0,0.0,0.0,0.0,0.0,0.0,0.0,43955.29142857143,2258675.0
2024-02-20,Tuesday,regular,False,2,1,2024,8971.8,487229,12436,222720,80,80,80,764,26,37,255,6817.0,1846.0,167.0,12.0,11.0,1.0,9743.0,43955.29142857143,2258675.0
2024-02-21,Wednesday,regular,False,2,1,2024,9497.95,504860,12038,238322,80,80,80,865,27,39,205,7217.0,4784.0,267.0,17.0,28.0,0.0,0.0,43955.29142857143,2258675.0
2024-02-22,Thursday,regular,False,2,1,2024,9652.7,528946,13028,244355,80,80,80,1046,28,43,260,7288.0,3767.0,180.0,16.0,17.0,1.0,11506.0,43955.29142857143,2258675.0
2024-02-23,Friday,regular,False,2,1,2024,10863.25,610355,15665,267381,80,80,80,528,24,30,250,7148.0,2654.0,243.0,17.0,19.0,0.0,0.0,43955.29142857143,2258675.0
2024-02-24,Saturday,regular,True,2,1,2024,9906.15,545830,13219,228569,96,96,96,884,30,43,310,0.0,0.0,0.0,0.0,0.0,1.0,13066.0,43955.29142857143,2258675.0
2024-02-25,Sunday,regular,True,2,1,2024,10835.55,590377,15675,248526,96,96,96,741,27,37,290,0.0,0.0,0.0,0.0,0.0,0.0,0.0,43955.29142857143,2258675.0
2024-02-26,Monday,regular,False,2,1,2024,9060.49,479938,12598,212044,80,80,80,679,24,32,265,6831.0,3506.0,241.0,9.0,19.0,0.0,0.0,46982.67571428572,2403388.8571428573
2024-02-27,Tuesday,regular,False,2,1,2024,7368.96,386470,8672,176980,80,80,80,679,26,35,350,0.0,0.0,0.0,0.0,0.0,0.0,0.0,46982.67571428572,2403388.8571428573
2024-02-28,Wednesday,regular,False,2,1,2024,8310.1,502509,12347,219909,80,80,80,615,24,33,300,0.0,0.0,0.0,0.0,0.0,0.0,0.0,46982.67571428572,2403388.8571428573
2024-02-29,Thursday,regular,False,2,1,2024,10013.05,562576,14340,258382,80,80,80,823,25,37,175,0.0,0.0,0.0,0.0,0.0,0.0,0.0,46982.67571428572,2403388.8571428573
2024-03-01,Friday,regular,False,3,1,2024,10931.16,626452,14833,267767,80,80,80,619,23,30,240,0.0,0.0,0.0,0.0,0.0,0.0,0.0,46982.67571428572,2403388.8571428573
2024-03-02,Saturday,regular,True,3,1,2024,10911.37,609667,14734,276500,96,96,96,1014,34,52,385,6903.0,1798.0,127.0,9.0,17.0,1.0,11178.0,46982.67571428572,2403388.8571428573
2024-03-03,Sunday,regular,True,3,1,2024,13411.32,690517,16616,314858,96,96,96,665,25,34,275,6981.0,1608.0,173.0,15.0,12.0,0.0,0.0,46982.67571428572,2403388.8571428573
2024-03-04,Monday,regular,False,3,1,2024,10577.1,588427,15035,267547,80,80,80,702,23,32,165,6910.0,1373.0,73.0,6.0,9.0,0.0,0.0,57854.217142857146,2968847.1428571427
2024-03-05,Tuesday,regular,False,3,1,2024,8152.51,438863,9095,198421,80,80,80,928,28,40,280,7442.0,1480.0,108.0,5.0,10.0,0.0,0.0,57854.217142857146,2968847.1428571427
2024-03-06,Wednesday,regular,False,3,1,2024,10398.31,547091,14819,242086,80,80,80,1026,27,41,180,7374.0,3129.0,199.0,9.0,16.0,0.0,0.0,57854.217142857146,2968847.1428571427
2024-03-07,Thursday,regular,False,3,1,2024,8545.33,480446,11882,216838,80,80,80,871,25,38,190,6880.0,1834.0,128.0,4.0,6.0,0.0,0.0,57854.217142857146,2968847.1428571427
2024-03-08,Friday,regular,False,3,1,2024,9902.06,537909,13266,235351,80,80,80,733,26,32,185,7421.0,1693.0,100.0,3.0,14.0,0.0,0.0,57854.217142857146,2968847.1428571427
2024-03-09,Saturday,regular,True,3,1,2024,10596.45,566325,13079,247088,96,96,96,956,32,43,285,7189.0,2050.0,164.0,6.0,18.0,0.0,0.0,57854.217142857146,2968847.1428571427
2024-03-10,Sunday,regular,True,3,1,2024,11432.62,608898,16005,260597,96,96,96,870,25,38,245,7050.0,2050.0,160.0,6.0,8.0,0.0,0.0,57854.217142857146,2968847.1428571427
2024-03-11,Monday,regular,False,3,1,2024,9334.4,507181,12751,223194,80,80,80,1007,26,41,170,6963.0,1419.0,118.0,7.0,9.0,0.0,0.0,53697.76,2846804.1428571427
2024-03-12,Tuesday,regular,False,3,1,2024,8713.57,477912,12095,210513,80,80,80,567,23,31,285,7388.0,1224.0,82.0,3.0,4.0,0.0,0.0,53697.76,2846804.1428571427
2024-03-13,Wednesday,regular,False,3,1,2024,8847.09,501916,13572,207914,80,80,80,743,25,37,260,6900.0,1422.0,105.0,7.0,15.0,0.0,0.0,53697.76,2846804.1428571427
2024-03-14,Thursday,regular,False,3,1,2024,8416.77,464096,11313,211034,80,80,80,694,26,35,285,0.0,0.0,0.0,0.0,0.0,0.0,0.0,53697.76,2846804.1428571427
2024-03-15,Friday,regular,False,3,1,2024,8219.48,441489,10621,203329,80,80,80,581,25,30,240,0.0,0.0,0.0,0.0,0.0,0.0,0.0,53697.76,2846804.1428571427
2024-03-16,Saturday,regular,True,3,1,2024,10837.26,602131,14702,283569,96,96,96,1002,30,44,295,0.0,0.0,0.0,0.0,0.0,0.0,0.0,53697.76,2846804.1428571427
2024-03-17,Sunday,regular,True,3,1,2024,11710.6,653692,17562,287234,96,96,96,654,30,35,290,7356.0,1409.0,106.0,7.0,13.0,0.0,0.0,53697.76,2846804.1428571427
2024-03-18,Monday,regular,False,3,1,2024,8758.21,466388,11935,216161,80,80,80,816,26,38,340,0.0,0.0,0.0,0.0,0.0,0.0,0.0,59852.98714285714,3031308.285714286
2024-03-19,Tuesday,regular,False,3,1,2024,10113.87,557772,13285,251837,80,80,80,1081,29,42,225,7323.0,3068.0,145.0,11.0,15.0,0.0,0.0,59852.98714285714,3031308.285714286
2024-03-20,Wednesday,regular,False,3,1,2024,8240.41,453604,12249,215772,80,80,80,743,24,32,205,7173.0,1885.0,106.0,5.0,14.0,0.0,0.0,59852.98714285714,3031308.285714286
2024-03-21,Thursday,regular,False,3,1,2024,11205.2,599690,13981,269639,80,80,80,739,30,43,495,0.0,0.0,0.0,0.0,0.0,0.0,0.0,59852.98714285714,3031308.285714286
2024-03-22,Friday,regular,False,3,1,2024,9949.84,566206,12397,270532,80,80,80,522,23,31,325,7207.0,3053.0,235.0,9.0,26.0,0.0,0.0,59852.98714285714,3031308.285714286
2024-03-23,Saturday,regular,True,3,1,2024,11851.65,654267,17247,297732,96,96,96,794,32,40,285,7420.0,4538.0,293.0,18.0,21.0,0.0,0.0,59852.98714285714,3031308.285714286
2024-03-24,Sunday,regular,True,3,1,2024,11661.9,636083,15152,277920,96,96,96,1070,34,52,445,7222.0,2301.0,172.0,9.0,21.0,0.0,0.0,59852.98714285714,3031308.285714286
2024-03-25,Monday,regular,False,3,1,2024,9155.72,514798,13175,242730,80,80,80,728,26,36,295,7151.0,1514.0,151.0,7.0,8.0,0.0,0.0,57422.71857142857,3079433.5714285714
2024-03-26,Tuesday,regular,False,3,1,2024,10027.96,534300,12971,245309,80,80,80,537,22,31,290,7466.0,4110.0,270.0,17.0,27.0,0.0,0.0,57422.71857142857,3079433.5714285714
2024-03-27,Wednesday,regular,False,3,1,2024,7986.9,434930,10001,197214,80,80,80,864,33,45,340,7079.0,1081.0,56.0,3.0,4.0,0.0,0.0,57422.71857142857,3079433.5714285714
2024-03-28,Thursday,regular,False,3,1,2024,11227.76,619877,15049,263556,80,80,80,857,30,41,320,7070.0,1879.0,142.0,6.0,13.0,1.0,8656.0,57422.71857142857,3079433.5714285714
2024-03-29,Friday,regular,False,3,1,2024,8758.99,476699,11995,216523,80,80,80,931,32,47,380,7559.0,1675.0,86.0,7.0,9.0,0.0,0.0,57422.71857142857,3079433.5714285714
2024-03-30,Saturday,regular,True,3,1,2024,10195.19,563220,13923,264138,96,96,96,1021,28,42,170,0.0,0.0,0.0,0.0,0.0,0.0,0.0,57422.71857142857,3079433.5714285714
2024-03-31,Sunday,regular,True,3,1,2024,12462.8,675855,17549,301800,96,96,96,1002,30,49,315,7511.0,2063.0,146.0,8.0,11.0,0.0,0.0,57422.71857142857,3079433.5714285714
2024-04-01,Monday,regular,False,4,2,2024,9584.69,524476,13479,251599,80,80,80,777,31,43,405,7016.0,1489.0,99.0,6.0,5.0,0.0,0.0,57587.35142857143,3122726.285714286
2024-04-02,Tuesday,regular,False,4,2,2024,9762.66,526001,14092,234944,80,80,80,1066,34,54,520,7011.0,1745.0,160.0,8.0,22.0,0.0,0.0,57587.35142857143,3122726.285714286
2024-04-03,Wednesday,regular,False,4,2,2024,11135.16,631386,16612,284095,80,80,80,640,23,32,245,0.0,0.0,0.0,0.0,0.0,0.0,0.0,57587.35142857143,3122726.285714286
2024-04-04,Thursday,regular,False,4,2,2024,9039.3,470846,11623,214314,80,80,80,1026,29,44,205,7378.0,1678.0,53.0,2.0,7.0,0.0,0.0,57587.35142857143,3122726.285714286
2024-04-05,Friday,regular,False,4,2,2024,10190.66,523411,14831,244384,80,80,80,599,25,32,300,7491.0,1217.0,73.0,4.0,4.0,1.0,6906.0,57587.35142857143,3122726.285714286
2024-04-06,Saturday,regular,True,4,2,2024,12055.88,687802,16547,326511,96,96,96,945,33,45,295,7368.0,5245.0,314.0,16.0,30.0,0.0,0.0,57587.35142857143,3122726.285714286
2024-04-07,Sunday,regular,True,4,2,2024,12401.94,688994,15796,318863,96,96,96,737,32,42,380,7382.0,1814.0,186.0,15.0,16.0,1.0,13115.0,57587.35142857143,3122726.285714286
2024-04-08,Monday,regular,False,4,2,2024,10517.3,590314,14667,257575,80,80,80,726,30,40,375,0.0,0.0,0.0,0.0,0.0,0.0,0.0,56938.26714285714,3161875.0
2024-04-09,Tuesday,regular,False,4,2,2024,9265.38,521018,13427,224854,80,80,80,894,27,43,335,7522.0,5237.0,388.0,23.0,44.0,0.0,0.0,56938.26714285714,3161875.0
2024-04-10,Wednesday,regular,False,4,2,2024,9588.98,540125,12692,245559,80,80,80,694,25,33,235,7570.0,1053.0,70.0,5.0,3.0,0.0,0.0,56938.26714285714,3161875.0
2024-04-11,Thursday,regular,False,4,2,2024,9106.27,502572,13340,215171,80,80,80,755,29,41,380,7595.0,1609.0,158.0,7.0,14.0,0.0,0.0,56938.26714285714,3161875.0
2024-04-12,Friday,regular,False,4,2,2024,10187.21,564404,14131,246966,80,80,80,888,28,39,285,7163.0,1059.0,41.0,2.0,4.0,1.0,8896.0,56938.26714285714,3161875.0
2024-04-13,Saturday,regular,True,4,2,2024,12003.15,704798,17043,330790,96,96,96,965,29,43,310,0.0,0.0,0.0,0.0,0.0,0.0,0.0,56938.26714285714,3161875.0
2024-04-14,Sunday,regular,True,4,2,2024,11145.97,599956,15985,275341,96,96,96,747,27,42,400,7510.0,5630.0,438.0,32.0,33.0,0.0,0.0,56938.26714285714,3161875.0
2024-04-15,Monday,regular,False,4,2,2024,9175.62,518176,12171,229828,80,80,80,919,26,40,185,7627.0,4181.0,292.0,24.0,24.0,0.0,0.0,55614.96571428572,2900901.1428571427
2024-04-16,Tuesday,regular,False,4,2,2024,8790.25,475564,12855,213236,80,80,80,980,25,49,390,7240.0,1139.0,84.0,8.0,6.0,0.0,0.0,55614.96571428572,2900901.1428571427
2024-04-17,Wednesday,regular,False,4,2,2024,8293.93,464879,12471,213822,80,80,80,824,27,39,250,7269.0,1601.0,150.0,4.0,19.0,0.0,0.0,55614.96571428572,2900901.1428571427
2024-04-18,Thursday,regular,False,4,2,2024,8759.08,478143,12774,216831,80,80,80,607,25,33,265,7483.0,1288.0,133.0,9.0,7.0,0.0,0.0,55614.96571428572,2900901.1428571427
2024-04-19,Friday,regular,False,4,2,2024,9458.57,518474,11828,237230,80,80,80,698,28,38,325,7460.0,1062.0,63.0,3.0,7.0,0.0,0.0,55614.96571428572,2900901.1428571427
2024-04-20,Saturday,regular,True,4,2,2024,10970.51,596284,15585,267195,96,96,96,1021,26,41,155,7291.0,2205.0,108.0,8.0,8.0,0.0,0.0,55614.96571428572,2900901.1428571427
2024-04-21,Sunday,regular,True,4,2,2024,11528.57,662517,16921,302013,96,96,96,1183,32,61,435,7543.0,4851.0,231.0,13.0,15.0,0.0,0.0,55614.96571428572,2900901.1428571427
2024-04-22,Monday,regular,False,4,2,2024,9383.59,494178,13066,219368,80,80,80,493,22,30,320,7302.0,1247.0,87.0,3.0,11.0,0.0,0.0,56262.311428571425,2855963.4285714286
2024-04-23,Tuesday,regular,False,4,2,2024,9134.119999999999,501033,12981,212646,80,80,80,933,26,38,160,0.0,0.0,0.0,0.0,0.0,0.0,0.0,56262.311428571425,2855963.4285714286
2024-04-24,Wednesday,regular,False,4,2,2024,9114.34,501985,11394,236689,80,80,80,900,27,42,310,0.0,0.0,0.0,0.0,0.0,0.0,0.0,56262.311428571425,2855963.4285714286
2024-04-25,Thursday,regular,False,4,2,2024,9759.85,535168,13822,241093,80,80,80,1040,30,48,215,7412.0,1928.0,145.0,9.0,7.0,0.0,0.0,56262.311428571425,2855963.4285714286
2024-04-26,Friday,regular,False,4,2,2024,8638.16,484040,12452,218955,80,80,80,761,25,35,245,7688.0,1579.0,145.0,11.0,10.0,0.0,0.0,56262.311428571425,2855963.4285714286
2024-04-27,Saturday,regular,True,4,2,2024,12084.44,683071,18335,298013,96,96,96,1039,36,49,370,7690.0,2022.0,170.0,14.0,13.0,0.0,0.0,56262.311428571425,2855963.4285714286
2024-04-28,Sunday,regular,True,4,2,2024,10856.17,609203,15300,255535,96,96,96,1023,33,46,330,7503.0,1870.0,225.0,16.0,12.0,0.0,0.0,56262.311428571425,2855963.4285714286
2024-04-29,Monday,regular,False,4,2,2024,8425.14,475573,13063,208956,80,80,80,607,23,29,190,7399.0,1646.0,92.0,5.0,13.0,0.0,0.0,56775.06,2973293.5714285714
2024-04-30,Tuesday,regular,False,4,2,2024,9241.28,509664,13289,223930,80,80,80,686,26,35,285,0.0,0.0,0.0,0.0,0.0,0.0,0.0,56775.06,2973293.5714285714
2024-05-01,Wednesday,regular,False,5,2,2024,9837.88,555322,13065,244333,80,80,80,804,27,37,335,7643.0,1833.0,231.0,20.0,18.0,0.0,0.0,56775.06,2973293.5714285714
2024-05-02,Thursday,regular,False,5,2,2024,10329.54,563643,14668,248911,80,80,80,770,28,38,265,7479.0,4783.0,279.0,12.0,33.0,0.0,0.0,56775.06,2973293.5714285714
2024-05-03,Friday,regular,False,5,2,2024,8471.86,462955,11512,217613,80,80,80,646,24,35,370,7504.0,1835.0,119.0,7.0,15.0,0.0,0.0,56775.06,2973293.5714285714
2024-05-04,Saturday,regular,True,5,2,2024,12452.21,706831,18512,324252,96,96,96,716,34,45,470,7580.0,5575.0,281.0,20.0,28.0,0.0,0.0,56775.06,2973293.5714285714
2024-05-05,Sunday,regular,True,5,2,2024,10423.49,573974,15354,249363,96,96,96,905,29,42,315,7645.0,3290.0,282.0,22.0,27.0,1.0,10213.0,56775.06,2973293.5714285714
2024-05-06,Monday,regular,False,5,2,2024,11192.37,620256,13909,285388,80,80,80,798,26,35,265,7691.0,1284.0,105.0,9.0,8.0,0.0,0.0,45007.51571428571,2286453.7142857146
2024-05-07,Tuesday,regular,False,5,2,2024,10307.369999999999,571237,15462,257118,80,80,80,717,23,32,245,0.0,0.0,0.0,0.0,0.0,0.0,0.0,45007.51571428571,2286453.7142857146
2024-05-08,Wednesday,regular,False,5,2,2024,10171.54,571106,14559,243877,80,80,80,921,33,49,455,7733.0,1476.0,132.0,5.0,15.0,0.0,0.0,45007.51571428571,2286453.7142857146
2024-05-09,Thursday,regular,False,5,2,2024,9344.11,513280,13551,234734,80,80,80,564,24,33,320,7751.0,1468.0,125.0,8.0,15.0,0.0,0.0,45007.51571428571,2286453.7142857146
2024-05-10,Friday,regular,False,5,2,2024,8765.98,473711,13195,213262,80,80,80,844,29,39,310,7491.0,2342.0,135.0,5.0,18.0,0.0,0.0,45007.51571428571,2286453.7142857146
2024-05-11,Saturday,regular,True,5,2,2024,13434.54,723804,17210,318701,96,96,96,1044,31,38,115,7771.0,1499.0,155.0,8.0,20.0,1.0,12219.0,45007.51571428571,2286453.7142857146
2024-05-12,Sunday,regular,True,5,2,2024,13406.61,727374,18984,328346,96,96,96,887,33,46,365,7581.0,1899.0,133.0,7.0,16.0,0.0,0.0,45007.51571428571,2286453.7142857146
2024-05-13,Monday,regular,False,5,2,2024,8918.869999999999,496817,13085,214360,80,80,80,632,25,35,350,7529.0,1710.0,96.0,3.0,14.0,0.0,0.0,47092.10571428572,2523741.8571428573
2024-05-14,Tuesday,regular,False,5,2,2024,10028.27,554353,15711,265879,80,80,80,787,25,36,305,0.0,0.0,0.0,0.0,0.0,0.0,0.0,47092.10571428572,2523741.8571428573
2024-05-15,Wednesday,regular,False,5,2,2024,10268.56,570918,14902,255719,80,80,80,970,29,50,410,7733.0,1647.0,192.0,18.0,11.0,0.0,0.0,47092.10571428572,2523741.8571428573
2024-05-16,Thursday,regular,False,5,2,2024,7645.2,419953,11433,189010,80,80,80,930,26,39,165,7640.0,1732.0,131.0,11.0,10.0,0.0,0.0,47092.10571428572,2523741.8571428573
2024-05-17,Friday,regular,False,5,2,2024,9638.6,529513,12921,242640,80,80,80,789,31,38,290,0.0,0.0,0.0,0.0,0.0,0.0,0.0,47092.10571428572,2523741.8571428573
2024-05-18,Saturday,regular,True,5,2,2024,12062.15,692580,19477,313728,96,96,96,1061,32,50,335,7430.0,1362.0,126.0,9.0,17.0,0.0,0.0,47092.10571428572,2523741.8571428573
2024-05-19,Sunday,regular,True,5,2,2024,10088.52,561276,13853,244694,96,96,96,898,28,42,270,7388.0,1507.0,99.0,4.0,13.0,0.0,0.0,47092.10571428572,2523741.8571428573
2024-05-20,Monday,regular,False,5,2,2024,10313.55,565153,14656,260034,80,80,80,1018,27,41,235,7809.0,1203.0,48.0,2.0,3.0,0.0,0.0,48012.26142857143,2647866.5714285714
2024-05-21,Tuesday,regular,False,5,2,2024,8555.93,493549,13449,228807,80,80,80,948,33,48,460,0.0,0.0,0.0,0.0,0.0,1.0,10442.0,48012.26142857143,2647866.5714285714
2024-05-22,Wednesday,regular,False,5,2,2024,9773.02,528057,13667,240033,80,80,80,576,24,29,215,7669.0,1237.0,52.0,4.0,2.0,0.0,0.0,48012.26142857143,2647866.5714285714
2024-05-23,Thursday,regular,False,5,2,2024,9220.75,494633,11164,234236,80,80,80,881,24,37,200,0.0,0.0,0.0,0.0,0.0,0.0,0.0,48012.26142857143,2647866.5714285714
2024-05-24,Friday,regular,False,5,2,2024,8867.58,484974,12316,222857,80,80,80,661,24,33,345,7336.0,1169.0,114.0,3.0,13.0,0.0,0.0,48012.26142857143,2647866.5714285714
2024-05-25,Saturday,regular,True,5,2,2024,10353.6,556579,14252,240030,96,96,96,776,30,46,500,0.0,0.0,0.0,0.0,0.0,1.0,12996.0,48012.26142857143,2647866.5714285714
2024-05-26,Sunday,regular,True,5,2,2024,12177.09,642699,14959,288449,96,96,96,826,27,37,260,7537.0,2059.0,169.0,8.0,9.0,0.0,0.0,48012.26142857143,2647866.5714285714
2024-05-27,Monday,regular,False,5,2,2024,9973.63,551247,13393,247381,80,80,80,702,27,35,330,0.0,0.0,0.0,0.0,0.0,0.0,0.0,42496.51714285714,2229212.714285714
2024-05-28,Tuesday,regular,False,5,2,2024,9813.5,540531,14314,242273,80,80,80,789,23,37,245,7691.0,1920.0,89.0,3.0,6.0,1.0,8950.0,42496.51714285714,2229212.714285714
2024-05-29,Wednesday,regular,False,5,2,2024,9907.45,564335,13819,267954,80,80,80,680,24,32,255,7370.0,1876.0,94.0,8.0,5.0,0.0,0.0,42496.51714285714,2229212.714285714
2024-05-30,Thursday,regular,False,5,2,2024,8694.86,483426,11207,195957,80,80,80,1008,30,47,330,0.0,0.0,0.0,0.0,0.0,1.0,9888.0,42496.51714285714,2229212.714285714
2024-05-31,Friday,regular,False,5,2,2024,10040.6,546425,15031,251066,80,80,80,877,27,45,280,7339.0,1726.0,74.0,3.0,5.0,0.0,0.0,42496.51714285714,2229212.714285714
2024-06-01,Saturday,regular,True,6,2,2024,9395.85,521915,12514,230079,96,96,96,867,32,47,485,0.0,0.0,0.0,0.0,0.0,0.0,0.0,42496.51714285714,2229212.714285714
2024-06-02,Sunday,regular,True,6,2,2024,10606.61,608568,15203,282037,96,96,96,842,30,46,480,7567.0,3798.0,246.0,13.0,26.0,0.0,0.0,42496.51714285714,2229212.714285714
2024-06-03,Monday,regular,False,6,2,2024,8703.27,495309,12178,218659,80,80,80,691,30,43,435,7453.0,3988.0,282.0,19.0,23.0,0.0,0.0,59763.514285714286,3278806.1428571427
2024-06-04,Tuesday,regular,False,6,2,2024,9569.43,536823,13210,234818,80,80,80,621,23,33,265,7356.0,3070.0,239.0,17.0,23.0,0.0,0.0,59763.514285714286,3278806.1428571427
2024-06-05,Wednesday,regular,False,6,2,2024,9401.32,508226,12409,243671,80,80,80,802,24,40,330,0.0,0.0,0.0,0.0,0.0,0.0,0.0,59763.514285714286,3278806.1428571427
2024-06-06,Thursday,regular,False,6,2,2024,9844.55,545228,13697,240410,80,80,80,768,28,40,310,7716.0,1476.0,76.0,6.0,9.0,0.0,0.0,59763.514285714286,3278806.1428571427
2024-06-07,Friday,regular,False,6,2,2024,8268.93,454489,12187,216827,80,80,80,705,27,36,280,7824.0,1475.0,106.0,7.0,13.0,0.0,0.0,59763.514285714286,3278806.1428571427
2024-06-08,Saturday,regular,True,6,2,2024,12210.31,694175,19104,330829,96,96,96,1131,28,49,310,7585.0,1646.0,64.0,6.0,3.0,0.0,0.0,59763.514285714286,3278806.1428571427
2024-06-09,Sunday,regular,True,6,2,2024,11505.35,643565,15085,296307,96,96,96,794,29,38,260,7754.0,4209.0,186.0,10.0,15.0,0.0,0.0,59763.514285714286,3278806.1428571427
2024-06-10,Monday,regular,False,6,2,2024,8300.45,456931,12537,195041,80,80,80,777,27,39,360,7514.0,1376.0,117.0,6.0,7.0,0.0,0.0,63146.45857142857,3415229.714285714
2024-06-11,Tuesday,regular,False,6,2,2024,9745.3,539853,13103,238366,80,80,80,577,26,32,320,7630.0,1731.0,149.0,9.0,12.0,2.0,18188.0,63146.45857142857,3415229.714285714
2024-06-12,Wednesday,regular,False,6,2,2024,8795.95,476458,10992,217442,80,80,80,687,25,35,265,7767.0,4524.0,197.0,9.0,25.0,0.0,0.0,63146.45857142857,3415229.714285714
2024-06-13,Thursday,regular,False,6,2,2024,9364.03,493284,13352,227172,80,80,80,537,24,30,310,7662.0,1635.0,131.0,11.0,13.0,1.0,10187.0,63146.45857142857,3415229.714285714
2024-06-14,Friday,regular,False,6,2,2024,9148.55,481205,11603,217561,80,80,80,933,26,38,185,7926.0,1724.0,116.0,5.0,8.0,0.0,0.0,63146.45857142857,3415229.714285714
2024-06-15,Saturday,regular,True,6,2,2024,11605.34,633812,16022,293743,96,96,96,1182,31,55,365,7721.0,4397.0,260.0,17.0,27.0,0.0,0.0,63146.45857142857,3415229.714285714
2024-06-16,Sunday,regular,True,6,2,2024,12708.050000000001,706543,16048,325615,96,96,96,871,30,39,280,7679.0,1377.0,101.0,7.0,8.0,0.0,0.0,63146.45857142857,3415229.714285714
2024-06-17,Monday,regular,False,6,2,2024,9828.49,536432,13659,251514,80,80,80,754,26,32,180,7366.0,1810.0,111.0,10.0,8.0,0.0,0.0,62508.311428571425,3170921.5714285714
2024-06-18,Tuesday,regular,False,6,2,2024,9929.09,529608,11842,235799,80,80,80,878,31,40,260,7773.0,2541.0,193.0,12.0,24.0,0.0,0.0,62508.311428571425,3170921.5714285714
2024-06-19,Wednesday,regular,False,6,2,2024,10176.26,560681,13044,238920,80,80,80,887,31,39,275,7965.0,3281.0,303.0,14.0,30.0,1.0,7305.0,62508.311428571425,3170921.5714285714
2024-06-20,Thursday,regular,False,6,2,2024,7839.63,401945,9530,174660,80,80,80,893,25,40,265,0.0,0.0,0.0,0.0,0.0,0.0,0.0,62508.311428571425,3170921.5714285714
2024-06-21,Friday,regular,False,6,2,2024,10438.69,598070,15369,268346,80,80,80,729,24,37,285,7736.0,1772.0,77.0,3.0,6.0,0.0,0.0,62508.311428571425,3170921.5714285714
2024-06-22,Saturday,regular,True,6,2,2024,11257.59,629765,15181,280757,96,96,96,1091,37,50,470,7405.0,2176.0,57.0,4.0,3.0,0.0,0.0,62508.311428571425,3170921.5714285714
2024-06-23,Sunday,regular,True,6,2,2024,10146.28,565591,14644,256958,96,96,96,930,33,50,465,7967.0,2887.0,287.0,17.0,20.0,1.0,6964.0,62508.311428571425,3170921.5714285714
2024-06-24,Monday,regular,False,6,2,2024,8961.59,483523,12887,206753,80,80,80,701,24,35,280,7911.0,2809.0,223.0,12.0,16.0,0.0,0.0,59019.63857142857,2964608.285714286
2024-06-25,Tuesday,regular,False,6,2,2024,9210.27,496897,11799,225361,80,80,80,849,24,36,230,7798.0,1531.0,50.0,3.0,3.0,2.0,18786.0,59019.63857142857,2964608.285714286
2024-06-26,Wednesday,regular,False,6,2,2024,10046.38,559435,15091,254413,80,80,80,659,24,32,300,7710.0,1680.0,166.0,15.0,19.0,0.0,0.0,59019.63857142857,2964608.285714286
2024-06-27,Thursday,regular,False,6,2,2024,9400.64,521537,12295,222621,80,80,80,758,25,34,200,7980.0,1099.0,68.0,5.0,7.0,0.0,0.0,59019.63857142857,2964608.285714286
2024-06-28,Friday,regular,False,6,2,2024,9387.51,517100,14090,223619,80,80,80,550,22,27,205,7843.0,2506.0,199.0,14.0,23.0,0.0,0.0,59019.63857142857,2964608.285714286
2024-06-29,Saturday,regular,True,6,2,2024,12263.18,703388,15779,319911,96,96,96,1075,34,47,265,7995.0,5345.0,299.0,19.0,30.0,0.0,0.0,59019.63857142857,2964608.285714286
2024-06-30,Sunday,regular,True,6,2,2024,13298.11,701832,17709,335200,96,96,96,807,32,43,300,7577.0,2190.0,220.0,20.0,28.0,1.0,13525.0,59019.63857142857,2964608.285714286
